appid,name,genre_category,date,daily_reviews
550,Left 4 Dead 2,Action,2026-03-23,233
550,Left 4 Dead 2,Action,2026-03-24,314
550,Left 4 Dead 2,Action,2026-03-25,286
550,Left 4 Dead 2,Action,2026-03-26,304
550,Left 4 Dead 2,Action,2026-03-27,294
550,Left 4 Dead 2,Action,2026-03-28,342
550,Left 4 Dead 2,Action,2026-03-29,332
550,Left 4 Dead 2,Action,2026-03-30,230
550,Left 4 Dead 2,Action,2026-03-31,224
550,Left 4 Dead 2,Action,2026-04-01,212
550,Left 4 Dead 2,Action,2026-04-02,213
550,Left 4 Dead 2,Action,2026-04-03,270
550,Left 4 Dead 2,Action,2026-04-04,290
550,Left 4 Dead 2,Action,2026-04-05,270
550,Left 4 Dead 2,Action,2026-04-06,219
550,Left 4 Dead 2,Action,2026-04-07,193
550,Left 4 Dead 2,Action,2026-04-08,177
550,Left 4 Dead 2,Action,2026-04-09,175
550,Left 4 Dead 2,Action,2026-04-10,188
550,Left 4 Dead 2,Action,2026-04-11,233
620,Portal 2,Adventure,2026-02-16,51
620,Portal 2,Adventure,2026-02-17,81
620,Portal 2,Adventure,2026-02-18,80
620,Portal 2,Adventure,2026-02-19,67
620,Portal 2,Adventure,2026-02-20,93
620,Portal 2,Adventure,2026-02-21,101
620,Portal 2,Adventure,2026-02-22,109
620,Portal 2,Adventure,2026-02-23,86
620,Portal 2,Adventure,2026-02-24,75
620,Portal 2,Adventure,2026-02-25,76
620,Portal 2,Adventure,2026-02-26,72
620,Portal 2,Adventure,2026-02-27,69
620,Portal 2,Adventure,2026-02-28,107
620,Portal 2,Adventure,2026-03-01,97
620,Portal 2,Adventure,2026-03-02,60
620,Portal 2,Adventure,2026-03-03,58
620,Portal 2,Adventure,2026-03-04,62
620,Portal 2,Adventure,2026-03-05,50
620,Portal 2,Adventure,2026-03-06,57
620,Portal 2,Adventure,2026-03-07,115
620,Portal 2,Adventure,2026-03-08,89
620,Portal 2,Adventure,2026-03-09,64
620,Portal 2,Adventure,2026-03-10,54
620,Portal 2,Adventure,2026-03-11,64
620,Portal 2,Adventure,2026-03-12,63
620,Portal 2,Adventure,2026-03-13,75
620,Portal 2,Adventure,2026-03-14,93
620,Portal 2,Adventure,2026-03-15,73
620,Portal 2,Adventure,2026-03-16,51
620,Portal 2,Adventure,2026-03-17,55
620,Portal 2,Adventure,2026-03-18,62
620,Portal 2,Adventure,2026-03-19,64
620,Portal 2,Adventure,2026-03-20,102
620,Portal 2,Adventure,2026-03-21,141
620,Portal 2,Adventure,2026-03-22,169
620,Portal 2,Adventure,2026-03-23,122
620,Portal 2,Adventure,2026-03-24,120
620,Portal 2,Adventure,2026-03-25,125
620,Portal 2,Adventure,2026-03-26,128
620,Portal 2,Adventure,2026-03-27,162
620,Portal 2,Adventure,2026-03-28,156
620,Portal 2,Adventure,2026-03-29,158
620,Portal 2,Adventure,2026-03-30,109
620,Portal 2,Adventure,2026-03-31,105
620,Portal 2,Adventure,2026-04-01,99
620,Portal 2,Adventure,2026-04-02,103
620,Portal 2,Adventure,2026-04-03,109
620,Portal 2,Adventure,2026-04-04,126
620,Portal 2,Adventure,2026-04-05,107
620,Portal 2,Adventure,2026-04-06,103
620,Portal 2,Adventure,2026-04-07,73
620,Portal 2,Adventure,2026-04-08,80
620,Portal 2,Adventure,2026-04-09,80
620,Portal 2,Adventure,2026-04-10,76
620,Portal 2,Adventure,2026-04-11,74
4000,Garry's Mod,Strategy/Simulation,2026-03-25,40
4000,Garry's Mod,Strategy/Simulation,2026-03-26,308
4000,Garry's Mod,Strategy/Simulation,2026-03-27,321
4000,Garry's Mod,Strategy/Simulation,2026-03-28,376
4000,Garry's Mod,Strategy/Simulation,2026-03-29,376
4000,Garry's Mod,Strategy/Simulation,2026-03-30,248
4000,Garry's Mod,Strategy/Simulation,2026-03-31,277
4000,Garry's Mod,Strategy/Simulation,2026-04-01,244
4000,Garry's Mod,Strategy/Simulation,2026-04-02,291
4000,Garry's Mod,Strategy/Simulation,2026-04-03,355
4000,Garry's Mod,Strategy/Simulation,2026-04-04,350
4000,Garry's Mod,Strategy/Simulation,2026-04-05,345
4000,Garry's Mod,Strategy/Simulation,2026-04-06,284
4000,Garry's Mod,Strategy/Simulation,2026-04-07,236
4000,Garry's Mod,Strategy/Simulation,2026-04-08,229
4000,Garry's Mod,Strategy/Simulation,2026-04-09,236
4000,Garry's Mod,Strategy/Simulation,2026-04-10,257
4000,Garry's Mod,Strategy/Simulation,2026-04-11,225
105600,Terraria,Action,2026-03-28,249
105600,Terraria,Action,2026-03-29,441
105600,Terraria,Action,2026-03-30,371
105600,Terraria,Action,2026-03-31,321
105600,Terraria,Action,2026-04-01,365
105600,Terraria,Action,2026-04-02,345
105600,Terraria,Action,2026-04-03,364
105600,Terraria,Action,2026-04-04,400
105600,Terraria,Action,2026-04-05,386
105600,Terraria,Action,2026-04-06,348
105600,Terraria,Action,2026-04-07,300
105600,Terraria,Action,2026-04-08,253
105600,Terraria,Action,2026-04-09,283
105600,Terraria,Action,2026-04-10,294
105600,Terraria,Action,2026-04-11,280
108600,Project Zomboid,Strategy/Simulation,2026-03-21,174
108600,Project Zomboid,Strategy/Simulation,2026-03-22,308
108600,Project Zomboid,Strategy/Simulation,2026-03-23,228
108600,Project Zomboid,Strategy/Simulation,2026-03-24,248
108600,Project Zomboid,Strategy/Simulation,2026-03-25,242
108600,Project Zomboid,Strategy/Simulation,2026-03-26,222
108600,Project Zomboid,Strategy/Simulation,2026-03-27,225
108600,Project Zomboid,Strategy/Simulation,2026-03-28,250
108600,Project Zomboid,Strategy/Simulation,2026-03-29,254
108600,Project Zomboid,Strategy/Simulation,2026-03-30,204
108600,Project Zomboid,Strategy/Simulation,2026-03-31,268
108600,Project Zomboid,Strategy/Simulation,2026-04-01,224
108600,Project Zomboid,Strategy/Simulation,2026-04-02,212
108600,Project Zomboid,Strategy/Simulation,2026-04-03,230
108600,Project Zomboid,Strategy/Simulation,2026-04-04,274
108600,Project Zomboid,Strategy/Simulation,2026-04-05,242
108600,Project Zomboid,Strategy/Simulation,2026-04-06,215
108600,Project Zomboid,Strategy/Simulation,2026-04-07,205
108600,Project Zomboid,Strategy/Simulation,2026-04-08,193
108600,Project Zomboid,Strategy/Simulation,2026-04-09,190
108600,Project Zomboid,Strategy/Simulation,2026-04-10,223
108600,Project Zomboid,Strategy/Simulation,2026-04-11,169
218620,PAYDAY 2,RPG,2026-01-06,102
218620,PAYDAY 2,RPG,2026-01-07,86
218620,PAYDAY 2,RPG,2026-01-08,97
218620,PAYDAY 2,RPG,2026-01-09,115
218620,PAYDAY 2,RPG,2026-01-10,95
218620,PAYDAY 2,RPG,2026-01-11,92
218620,PAYDAY 2,RPG,2026-01-12,60
218620,PAYDAY 2,RPG,2026-01-13,62
218620,PAYDAY 2,RPG,2026-01-14,70
218620,PAYDAY 2,RPG,2026-01-15,70
218620,PAYDAY 2,RPG,2026-01-16,71
218620,PAYDAY 2,RPG,2026-01-17,87
218620,PAYDAY 2,RPG,2026-01-18,92
218620,PAYDAY 2,RPG,2026-01-19,60
218620,PAYDAY 2,RPG,2026-01-20,62
218620,PAYDAY 2,RPG,2026-01-21,55
218620,PAYDAY 2,RPG,2026-01-22,61
218620,PAYDAY 2,RPG,2026-01-23,67
218620,PAYDAY 2,RPG,2026-01-24,74
218620,PAYDAY 2,RPG,2026-01-25,69
218620,PAYDAY 2,RPG,2026-01-26,53
218620,PAYDAY 2,RPG,2026-01-27,61
218620,PAYDAY 2,RPG,2026-01-28,44
218620,PAYDAY 2,RPG,2026-01-29,82
218620,PAYDAY 2,RPG,2026-01-30,57
218620,PAYDAY 2,RPG,2026-01-31,71
218620,PAYDAY 2,RPG,2026-02-01,66
218620,PAYDAY 2,RPG,2026-02-02,54
218620,PAYDAY 2,RPG,2026-02-03,57
218620,PAYDAY 2,RPG,2026-02-04,29
218620,PAYDAY 2,RPG,2026-02-05,45
218620,PAYDAY 2,RPG,2026-02-06,49
218620,PAYDAY 2,RPG,2026-02-07,51
218620,PAYDAY 2,RPG,2026-02-08,56
218620,PAYDAY 2,RPG,2026-02-09,31
218620,PAYDAY 2,RPG,2026-02-10,35
218620,PAYDAY 2,RPG,2026-02-11,40
218620,PAYDAY 2,RPG,2026-02-12,47
218620,PAYDAY 2,RPG,2026-02-13,38
218620,PAYDAY 2,RPG,2026-02-14,50
218620,PAYDAY 2,RPG,2026-02-15,60
218620,PAYDAY 2,RPG,2026-02-16,40
218620,PAYDAY 2,RPG,2026-02-17,34
218620,PAYDAY 2,RPG,2026-02-18,41
218620,PAYDAY 2,RPG,2026-02-19,36
218620,PAYDAY 2,RPG,2026-02-20,51
218620,PAYDAY 2,RPG,2026-02-21,61
218620,PAYDAY 2,RPG,2026-02-22,63
218620,PAYDAY 2,RPG,2026-02-23,45
218620,PAYDAY 2,RPG,2026-02-24,32
218620,PAYDAY 2,RPG,2026-02-25,32
218620,PAYDAY 2,RPG,2026-02-26,41
218620,PAYDAY 2,RPG,2026-02-27,37
218620,PAYDAY 2,RPG,2026-02-28,38
218620,PAYDAY 2,RPG,2026-03-01,59
218620,PAYDAY 2,RPG,2026-03-02,33
218620,PAYDAY 2,RPG,2026-03-03,45
218620,PAYDAY 2,RPG,2026-03-04,37
218620,PAYDAY 2,RPG,2026-03-05,46
218620,PAYDAY 2,RPG,2026-03-06,61
218620,PAYDAY 2,RPG,2026-03-07,76
218620,PAYDAY 2,RPG,2026-03-08,74
218620,PAYDAY 2,RPG,2026-03-09,40
218620,PAYDAY 2,RPG,2026-03-10,39
218620,PAYDAY 2,RPG,2026-03-11,46
218620,PAYDAY 2,RPG,2026-03-12,39
218620,PAYDAY 2,RPG,2026-03-13,51
218620,PAYDAY 2,RPG,2026-03-14,51
218620,PAYDAY 2,RPG,2026-03-15,62
218620,PAYDAY 2,RPG,2026-03-16,41
218620,PAYDAY 2,RPG,2026-03-17,38
218620,PAYDAY 2,RPG,2026-03-18,34
218620,PAYDAY 2,RPG,2026-03-19,32
218620,PAYDAY 2,RPG,2026-03-20,46
218620,PAYDAY 2,RPG,2026-03-21,57
218620,PAYDAY 2,RPG,2026-03-22,43
218620,PAYDAY 2,RPG,2026-03-23,38
218620,PAYDAY 2,RPG,2026-03-24,42
218620,PAYDAY 2,RPG,2026-03-25,46
218620,PAYDAY 2,RPG,2026-03-26,46
218620,PAYDAY 2,RPG,2026-03-27,43
218620,PAYDAY 2,RPG,2026-03-28,51
218620,PAYDAY 2,RPG,2026-03-29,50
218620,PAYDAY 2,RPG,2026-03-30,38
218620,PAYDAY 2,RPG,2026-03-31,32
218620,PAYDAY 2,RPG,2026-04-01,36
218620,PAYDAY 2,RPG,2026-04-02,33
218620,PAYDAY 2,RPG,2026-04-03,41
218620,PAYDAY 2,RPG,2026-04-04,33
218620,PAYDAY 2,RPG,2026-04-05,37
218620,PAYDAY 2,RPG,2026-04-06,31
218620,PAYDAY 2,RPG,2026-04-07,36
218620,PAYDAY 2,RPG,2026-04-08,44
218620,PAYDAY 2,RPG,2026-04-09,34
218620,PAYDAY 2,RPG,2026-04-10,37
218620,PAYDAY 2,RPG,2026-04-11,28
221100,DayZ,Adventure,2026-02-20,10
221100,DayZ,Adventure,2026-02-21,147
221100,DayZ,Adventure,2026-02-22,152
221100,DayZ,Adventure,2026-02-23,101
221100,DayZ,Adventure,2026-02-24,108
221100,DayZ,Adventure,2026-02-25,97
221100,DayZ,Adventure,2026-02-26,89
221100,DayZ,Adventure,2026-02-27,94
221100,DayZ,Adventure,2026-02-28,100
221100,DayZ,Adventure,2026-03-01,108
221100,DayZ,Adventure,2026-03-02,84
221100,DayZ,Adventure,2026-03-03,74
221100,DayZ,Adventure,2026-03-04,78
221100,DayZ,Adventure,2026-03-05,84
221100,DayZ,Adventure,2026-03-06,69
221100,DayZ,Adventure,2026-03-07,101
221100,DayZ,Adventure,2026-03-08,115
221100,DayZ,Adventure,2026-03-09,80
221100,DayZ,Adventure,2026-03-10,77
221100,DayZ,Adventure,2026-03-11,71
221100,DayZ,Adventure,2026-03-12,84
221100,DayZ,Adventure,2026-03-13,67
221100,DayZ,Adventure,2026-03-14,99
221100,DayZ,Adventure,2026-03-15,101
221100,DayZ,Adventure,2026-03-16,81
221100,DayZ,Adventure,2026-03-17,87
221100,DayZ,Adventure,2026-03-18,63
221100,DayZ,Adventure,2026-03-19,74
221100,DayZ,Adventure,2026-03-20,89
221100,DayZ,Adventure,2026-03-21,137
221100,DayZ,Adventure,2026-03-22,144
221100,DayZ,Adventure,2026-03-23,105
221100,DayZ,Adventure,2026-03-24,82
221100,DayZ,Adventure,2026-03-25,71
221100,DayZ,Adventure,2026-03-26,114
221100,DayZ,Adventure,2026-03-27,116
221100,DayZ,Adventure,2026-03-28,115
221100,DayZ,Adventure,2026-03-29,124
221100,DayZ,Adventure,2026-03-30,81
221100,DayZ,Adventure,2026-03-31,106
221100,DayZ,Adventure,2026-04-01,86
221100,DayZ,Adventure,2026-04-02,87
221100,DayZ,Adventure,2026-04-03,116
221100,DayZ,Adventure,2026-04-04,97
221100,DayZ,Adventure,2026-04-05,105
221100,DayZ,Adventure,2026-04-06,104
221100,DayZ,Adventure,2026-04-07,96
221100,DayZ,Adventure,2026-04-08,243
221100,DayZ,Adventure,2026-04-09,114
221100,DayZ,Adventure,2026-04-10,89
221100,DayZ,Adventure,2026-04-11,82
227300,Euro Truck Simulator 2,Strategy/Simulation,2026-03-24,190
227300,Euro Truck Simulator 2,Strategy/Simulation,2026-03-25,325
227300,Euro Truck Simulator 2,Strategy/Simulation,2026-03-26,315
227300,Euro Truck Simulator 2,Strategy/Simulation,2026-03-27,333
227300,Euro Truck Simulator 2,Strategy/Simulation,2026-03-28,391
227300,Euro Truck Simulator 2,Strategy/Simulation,2026-03-29,337
227300,Euro Truck Simulator 2,Strategy/Simulation,2026-03-30,250
227300,Euro Truck Simulator 2,Strategy/Simulation,2026-03-31,233
227300,Euro Truck Simulator 2,Strategy/Simulation,2026-04-01,220
227300,Euro Truck Simulator 2,Strategy/Simulation,2026-04-02,214
227300,Euro Truck Simulator 2,Strategy/Simulation,2026-04-03,264
227300,Euro Truck Simulator 2,Strategy/Simulation,2026-04-04,269
227300,Euro Truck Simulator 2,Strategy/Simulation,2026-04-05,276
227300,Euro Truck Simulator 2,Strategy/Simulation,2026-04-06,243
227300,Euro Truck Simulator 2,Strategy/Simulation,2026-04-07,246
227300,Euro Truck Simulator 2,Strategy/Simulation,2026-04-08,256
227300,Euro Truck Simulator 2,Strategy/Simulation,2026-04-09,277
227300,Euro Truck Simulator 2,Strategy/Simulation,2026-04-10,308
227300,Euro Truck Simulator 2,Strategy/Simulation,2026-04-11,53
239140,Dying Light,RPG,2026-03-01,13
239140,Dying Light,RPG,2026-03-02,83
239140,Dying Light,RPG,2026-03-03,64
239140,Dying Light,RPG,2026-03-04,62
239140,Dying Light,RPG,2026-03-05,69
239140,Dying Light,RPG,2026-03-06,69
239140,Dying Light,RPG,2026-03-07,92
239140,Dying Light,RPG,2026-03-08,90
239140,Dying Light,RPG,2026-03-09,61
239140,Dying Light,RPG,2026-03-10,64
239140,Dying Light,RPG,2026-03-11,59
239140,Dying Light,RPG,2026-03-12,63
239140,Dying Light,RPG,2026-03-13,72
239140,Dying Light,RPG,2026-03-14,94
239140,Dying Light,RPG,2026-03-15,94
239140,Dying Light,RPG,2026-03-16,71
239140,Dying Light,RPG,2026-03-17,57
239140,Dying Light,RPG,2026-03-18,61
239140,Dying Light,RPG,2026-03-19,82
239140,Dying Light,RPG,2026-03-20,134
239140,Dying Light,RPG,2026-03-21,188
239140,Dying Light,RPG,2026-03-22,237
239140,Dying Light,RPG,2026-03-23,190
239140,Dying Light,RPG,2026-03-24,182
239140,Dying Light,RPG,2026-03-25,217
239140,Dying Light,RPG,2026-03-26,183
239140,Dying Light,RPG,2026-03-27,201
239140,Dying Light,RPG,2026-03-28,226
239140,Dying Light,RPG,2026-03-29,218
239140,Dying Light,RPG,2026-03-30,150
239140,Dying Light,RPG,2026-03-31,131
239140,Dying Light,RPG,2026-04-01,145
239140,Dying Light,RPG,2026-04-02,96
239140,Dying Light,RPG,2026-04-03,153
239140,Dying Light,RPG,2026-04-04,163
239140,Dying Light,RPG,2026-04-05,187
239140,Dying Light,RPG,2026-04-06,140
239140,Dying Light,RPG,2026-04-07,131
239140,Dying Light,RPG,2026-04-08,122
239140,Dying Light,RPG,2026-04-09,125
239140,Dying Light,RPG,2026-04-10,141
239140,Dying Light,RPG,2026-04-11,20
242760,The Forest,Strategy/Simulation,2026-03-18,34
242760,The Forest,Strategy/Simulation,2026-03-19,117
242760,The Forest,Strategy/Simulation,2026-03-20,150
242760,The Forest,Strategy/Simulation,2026-03-21,276
242760,The Forest,Strategy/Simulation,2026-03-22,315
242760,The Forest,Strategy/Simulation,2026-03-23,267
242760,The Forest,Strategy/Simulation,2026-03-24,258
242760,The Forest,Strategy/Simulation,2026-03-25,287
242760,The Forest,Strategy/Simulation,2026-03-26,290
242760,The Forest,Strategy/Simulation,2026-03-27,325
242760,The Forest,Strategy/Simulation,2026-03-28,326
242760,The Forest,Strategy/Simulation,2026-03-29,258
242760,The Forest,Strategy/Simulation,2026-03-30,219
242760,The Forest,Strategy/Simulation,2026-03-31,191
242760,The Forest,Strategy/Simulation,2026-04-01,180
242760,The Forest,Strategy/Simulation,2026-04-02,199
242760,The Forest,Strategy/Simulation,2026-04-03,193
242760,The Forest,Strategy/Simulation,2026-04-04,188
242760,The Forest,Strategy/Simulation,2026-04-05,193
242760,The Forest,Strategy/Simulation,2026-04-06,140
242760,The Forest,Strategy/Simulation,2026-04-07,132
242760,The Forest,Strategy/Simulation,2026-04-08,117
242760,The Forest,Strategy/Simulation,2026-04-09,115
242760,The Forest,Strategy/Simulation,2026-04-10,126
242760,The Forest,Strategy/Simulation,2026-04-11,104
251570,7 Days to Die,Strategy/Simulation,2026-01-23,35
251570,7 Days to Die,Strategy/Simulation,2026-01-24,72
251570,7 Days to Die,Strategy/Simulation,2026-01-25,84
251570,7 Days to Die,Strategy/Simulation,2026-01-26,78
251570,7 Days to Die,Strategy/Simulation,2026-01-27,86
251570,7 Days to Die,Strategy/Simulation,2026-01-28,64
251570,7 Days to Die,Strategy/Simulation,2026-01-29,70
251570,7 Days to Die,Strategy/Simulation,2026-01-30,68
251570,7 Days to Die,Strategy/Simulation,2026-01-31,81
251570,7 Days to Die,Strategy/Simulation,2026-02-01,89
251570,7 Days to Die,Strategy/Simulation,2026-02-02,58
251570,7 Days to Die,Strategy/Simulation,2026-02-03,80
251570,7 Days to Die,Strategy/Simulation,2026-02-04,70
251570,7 Days to Die,Strategy/Simulation,2026-02-05,52
251570,7 Days to Die,Strategy/Simulation,2026-02-06,80
251570,7 Days to Die,Strategy/Simulation,2026-02-07,89
251570,7 Days to Die,Strategy/Simulation,2026-02-08,61
251570,7 Days to Die,Strategy/Simulation,2026-02-09,58
251570,7 Days to Die,Strategy/Simulation,2026-02-10,56
251570,7 Days to Die,Strategy/Simulation,2026-02-11,69
251570,7 Days to Die,Strategy/Simulation,2026-02-12,53
251570,7 Days to Die,Strategy/Simulation,2026-02-13,48
251570,7 Days to Die,Strategy/Simulation,2026-02-14,62
251570,7 Days to Die,Strategy/Simulation,2026-02-15,64
251570,7 Days to Die,Strategy/Simulation,2026-02-16,62
251570,7 Days to Die,Strategy/Simulation,2026-02-17,48
251570,7 Days to Die,Strategy/Simulation,2026-02-18,60
251570,7 Days to Die,Strategy/Simulation,2026-02-19,58
251570,7 Days to Die,Strategy/Simulation,2026-02-20,42
251570,7 Days to Die,Strategy/Simulation,2026-02-21,62
251570,7 Days to Die,Strategy/Simulation,2026-02-22,67
251570,7 Days to Die,Strategy/Simulation,2026-02-23,62
251570,7 Days to Die,Strategy/Simulation,2026-02-24,60
251570,7 Days to Die,Strategy/Simulation,2026-02-25,44
251570,7 Days to Die,Strategy/Simulation,2026-02-26,61
251570,7 Days to Die,Strategy/Simulation,2026-02-27,57
251570,7 Days to Die,Strategy/Simulation,2026-02-28,66
251570,7 Days to Die,Strategy/Simulation,2026-03-01,64
251570,7 Days to Die,Strategy/Simulation,2026-03-02,62
251570,7 Days to Die,Strategy/Simulation,2026-03-03,55
251570,7 Days to Die,Strategy/Simulation,2026-03-04,57
251570,7 Days to Die,Strategy/Simulation,2026-03-05,38
251570,7 Days to Die,Strategy/Simulation,2026-03-06,46
251570,7 Days to Die,Strategy/Simulation,2026-03-07,52
251570,7 Days to Die,Strategy/Simulation,2026-03-08,65
251570,7 Days to Die,Strategy/Simulation,2026-03-09,58
251570,7 Days to Die,Strategy/Simulation,2026-03-10,57
251570,7 Days to Die,Strategy/Simulation,2026-03-11,47
251570,7 Days to Die,Strategy/Simulation,2026-03-12,51
251570,7 Days to Die,Strategy/Simulation,2026-03-13,54
251570,7 Days to Die,Strategy/Simulation,2026-03-14,63
251570,7 Days to Die,Strategy/Simulation,2026-03-15,70
251570,7 Days to Die,Strategy/Simulation,2026-03-16,66
251570,7 Days to Die,Strategy/Simulation,2026-03-17,51
251570,7 Days to Die,Strategy/Simulation,2026-03-18,44
251570,7 Days to Die,Strategy/Simulation,2026-03-19,59
251570,7 Days to Die,Strategy/Simulation,2026-03-20,56
251570,7 Days to Die,Strategy/Simulation,2026-03-21,67
251570,7 Days to Die,Strategy/Simulation,2026-03-22,78
251570,7 Days to Die,Strategy/Simulation,2026-03-23,65
251570,7 Days to Die,Strategy/Simulation,2026-03-24,67
251570,7 Days to Die,Strategy/Simulation,2026-03-25,91
251570,7 Days to Die,Strategy/Simulation,2026-03-26,71
251570,7 Days to Die,Strategy/Simulation,2026-03-27,80
251570,7 Days to Die,Strategy/Simulation,2026-03-28,89
251570,7 Days to Die,Strategy/Simulation,2026-03-29,88
251570,7 Days to Die,Strategy/Simulation,2026-03-30,64
251570,7 Days to Die,Strategy/Simulation,2026-03-31,59
251570,7 Days to Die,Strategy/Simulation,2026-04-01,73
251570,7 Days to Die,Strategy/Simulation,2026-04-02,83
251570,7 Days to Die,Strategy/Simulation,2026-04-03,58
251570,7 Days to Die,Strategy/Simulation,2026-04-04,81
251570,7 Days to Die,Strategy/Simulation,2026-04-05,68
251570,7 Days to Die,Strategy/Simulation,2026-04-06,58
251570,7 Days to Die,Strategy/Simulation,2026-04-07,51
251570,7 Days to Die,Strategy/Simulation,2026-04-08,56
251570,7 Days to Die,Strategy/Simulation,2026-04-09,58
251570,7 Days to Die,Strategy/Simulation,2026-04-10,52
251570,7 Days to Die,Strategy/Simulation,2026-04-11,52
252490,Rust,Action,2026-03-31,79
252490,Rust,Action,2026-04-01,397
252490,Rust,Action,2026-04-02,815
252490,Rust,Action,2026-04-03,613
252490,Rust,Action,2026-04-04,517
252490,Rust,Action,2026-04-05,429
252490,Rust,Action,2026-04-06,414
252490,Rust,Action,2026-04-07,344
252490,Rust,Action,2026-04-08,363
252490,Rust,Action,2026-04-09,345
252490,Rust,Action,2026-04-10,394
252490,Rust,Action,2026-04-11,290
261550,Mount & Blade II: Bannerlord,Casual/Indie,2026-01-27,30
261550,Mount & Blade II: Bannerlord,Casual/Indie,2026-01-28,58
261550,Mount & Blade II: Bannerlord,Casual/Indie,2026-01-29,66
261550,Mount & Blade II: Bannerlord,Casual/Indie,2026-01-30,60
261550,Mount & Blade II: Bannerlord,Casual/Indie,2026-01-31,72
261550,Mount & Blade II: Bannerlord,Casual/Indie,2026-02-01,72
261550,Mount & Blade II: Bannerlord,Casual/Indie,2026-02-02,57
261550,Mount & Blade II: Bannerlord,Casual/Indie,2026-02-03,97
261550,Mount & Blade II: Bannerlord,Casual/Indie,2026-02-04,71
261550,Mount & Blade II: Bannerlord,Casual/Indie,2026-02-05,65
261550,Mount & Blade II: Bannerlord,Casual/Indie,2026-02-06,65
261550,Mount & Blade II: Bannerlord,Casual/Indie,2026-02-07,72
261550,Mount & Blade II: Bannerlord,Casual/Indie,2026-02-08,66
261550,Mount & Blade II: Bannerlord,Casual/Indie,2026-02-09,52
261550,Mount & Blade II: Bannerlord,Casual/Indie,2026-02-10,66
261550,Mount & Blade II: Bannerlord,Casual/Indie,2026-02-11,54
261550,Mount & Blade II: Bannerlord,Casual/Indie,2026-02-12,54
261550,Mount & Blade II: Bannerlord,Casual/Indie,2026-02-13,54
261550,Mount & Blade II: Bannerlord,Casual/Indie,2026-02-14,60
261550,Mount & Blade II: Bannerlord,Casual/Indie,2026-02-15,73
261550,Mount & Blade II: Bannerlord,Casual/Indie,2026-02-16,59
261550,Mount & Blade II: Bannerlord,Casual/Indie,2026-02-17,61
261550,Mount & Blade II: Bannerlord,Casual/Indie,2026-02-18,62
261550,Mount & Blade II: Bannerlord,Casual/Indie,2026-02-19,61
261550,Mount & Blade II: Bannerlord,Casual/Indie,2026-02-20,67
261550,Mount & Blade II: Bannerlord,Casual/Indie,2026-02-21,61
261550,Mount & Blade II: Bannerlord,Casual/Indie,2026-02-22,81
261550,Mount & Blade II: Bannerlord,Casual/Indie,2026-02-23,91
261550,Mount & Blade II: Bannerlord,Casual/Indie,2026-02-24,87
261550,Mount & Blade II: Bannerlord,Casual/Indie,2026-02-25,52
261550,Mount & Blade II: Bannerlord,Casual/Indie,2026-02-26,53
261550,Mount & Blade II: Bannerlord,Casual/Indie,2026-02-27,57
261550,Mount & Blade II: Bannerlord,Casual/Indie,2026-02-28,75
261550,Mount & Blade II: Bannerlord,Casual/Indie,2026-03-01,65
261550,Mount & Blade II: Bannerlord,Casual/Indie,2026-03-02,96
261550,Mount & Blade II: Bannerlord,Casual/Indie,2026-03-03,69
261550,Mount & Blade II: Bannerlord,Casual/Indie,2026-03-04,66
261550,Mount & Blade II: Bannerlord,Casual/Indie,2026-03-05,48
261550,Mount & Blade II: Bannerlord,Casual/Indie,2026-03-06,57
261550,Mount & Blade II: Bannerlord,Casual/Indie,2026-03-07,47
261550,Mount & Blade II: Bannerlord,Casual/Indie,2026-03-08,59
261550,Mount & Blade II: Bannerlord,Casual/Indie,2026-03-09,57
261550,Mount & Blade II: Bannerlord,Casual/Indie,2026-03-10,51
261550,Mount & Blade II: Bannerlord,Casual/Indie,2026-03-11,41
261550,Mount & Blade II: Bannerlord,Casual/Indie,2026-03-12,59
261550,Mount & Blade II: Bannerlord,Casual/Indie,2026-03-13,53
261550,Mount & Blade II: Bannerlord,Casual/Indie,2026-03-14,62
261550,Mount & Blade II: Bannerlord,Casual/Indie,2026-03-15,68
261550,Mount & Blade II: Bannerlord,Casual/Indie,2026-03-16,45
261550,Mount & Blade II: Bannerlord,Casual/Indie,2026-03-17,62
261550,Mount & Blade II: Bannerlord,Casual/Indie,2026-03-18,50
261550,Mount & Blade II: Bannerlord,Casual/Indie,2026-03-19,49
261550,Mount & Blade II: Bannerlord,Casual/Indie,2026-03-20,66
261550,Mount & Blade II: Bannerlord,Casual/Indie,2026-03-21,79
261550,Mount & Blade II: Bannerlord,Casual/Indie,2026-03-22,98
261550,Mount & Blade II: Bannerlord,Casual/Indie,2026-03-23,87
261550,Mount & Blade II: Bannerlord,Casual/Indie,2026-03-24,64
261550,Mount & Blade II: Bannerlord,Casual/Indie,2026-03-25,105
261550,Mount & Blade II: Bannerlord,Casual/Indie,2026-03-26,91
261550,Mount & Blade II: Bannerlord,Casual/Indie,2026-03-27,90
261550,Mount & Blade II: Bannerlord,Casual/Indie,2026-03-28,100
261550,Mount & Blade II: Bannerlord,Casual/Indie,2026-03-29,97
261550,Mount & Blade II: Bannerlord,Casual/Indie,2026-03-30,81
261550,Mount & Blade II: Bannerlord,Casual/Indie,2026-03-31,57
261550,Mount & Blade II: Bannerlord,Casual/Indie,2026-04-01,60
261550,Mount & Blade II: Bannerlord,Casual/Indie,2026-04-02,55
261550,Mount & Blade II: Bannerlord,Casual/Indie,2026-04-03,69
261550,Mount & Blade II: Bannerlord,Casual/Indie,2026-04-04,95
261550,Mount & Blade II: Bannerlord,Casual/Indie,2026-04-05,88
261550,Mount & Blade II: Bannerlord,Casual/Indie,2026-04-06,64
261550,Mount & Blade II: Bannerlord,Casual/Indie,2026-04-07,61
261550,Mount & Blade II: Bannerlord,Casual/Indie,2026-04-08,57
261550,Mount & Blade II: Bannerlord,Casual/Indie,2026-04-09,74
261550,Mount & Blade II: Bannerlord,Casual/Indie,2026-04-10,67
261550,Mount & Blade II: Bannerlord,Casual/Indie,2026-04-11,60
264710,Subnautica,Adventure,2026-04-03,485
264710,Subnautica,Adventure,2026-04-04,676
264710,Subnautica,Adventure,2026-04-05,848
264710,Subnautica,Adventure,2026-04-06,961
264710,Subnautica,Adventure,2026-04-07,558
264710,Subnautica,Adventure,2026-04-08,427
264710,Subnautica,Adventure,2026-04-09,428
264710,Subnautica,Adventure,2026-04-10,356
264710,Subnautica,Adventure,2026-04-11,260
275850,No Man's Sky,Adventure,2026-02-19,109
275850,No Man's Sky,Adventure,2026-02-20,188
275850,No Man's Sky,Adventure,2026-02-21,167
275850,No Man's Sky,Adventure,2026-02-22,203
275850,No Man's Sky,Adventure,2026-02-23,144
275850,No Man's Sky,Adventure,2026-02-24,126
275850,No Man's Sky,Adventure,2026-02-25,110
275850,No Man's Sky,Adventure,2026-02-26,103
275850,No Man's Sky,Adventure,2026-02-27,137
275850,No Man's Sky,Adventure,2026-02-28,108
275850,No Man's Sky,Adventure,2026-03-01,96
275850,No Man's Sky,Adventure,2026-03-02,91
275850,No Man's Sky,Adventure,2026-03-03,73
275850,No Man's Sky,Adventure,2026-03-04,70
275850,No Man's Sky,Adventure,2026-03-05,70
275850,No Man's Sky,Adventure,2026-03-06,67
275850,No Man's Sky,Adventure,2026-03-07,72
275850,No Man's Sky,Adventure,2026-03-08,98
275850,No Man's Sky,Adventure,2026-03-09,62
275850,No Man's Sky,Adventure,2026-03-10,58
275850,No Man's Sky,Adventure,2026-03-11,56
275850,No Man's Sky,Adventure,2026-03-12,52
275850,No Man's Sky,Adventure,2026-03-13,64
275850,No Man's Sky,Adventure,2026-03-14,62
275850,No Man's Sky,Adventure,2026-03-15,82
275850,No Man's Sky,Adventure,2026-03-16,55
275850,No Man's Sky,Adventure,2026-03-17,45
275850,No Man's Sky,Adventure,2026-03-18,67
275850,No Man's Sky,Adventure,2026-03-19,65
275850,No Man's Sky,Adventure,2026-03-20,65
275850,No Man's Sky,Adventure,2026-03-21,111
275850,No Man's Sky,Adventure,2026-03-22,123
275850,No Man's Sky,Adventure,2026-03-23,80
275850,No Man's Sky,Adventure,2026-03-24,105
275850,No Man's Sky,Adventure,2026-03-25,100
275850,No Man's Sky,Adventure,2026-03-26,92
275850,No Man's Sky,Adventure,2026-03-27,90
275850,No Man's Sky,Adventure,2026-03-28,91
275850,No Man's Sky,Adventure,2026-03-29,90
275850,No Man's Sky,Adventure,2026-03-30,79
275850,No Man's Sky,Adventure,2026-03-31,74
275850,No Man's Sky,Adventure,2026-04-01,81
275850,No Man's Sky,Adventure,2026-04-02,67
275850,No Man's Sky,Adventure,2026-04-03,72
275850,No Man's Sky,Adventure,2026-04-04,70
275850,No Man's Sky,Adventure,2026-04-05,90
275850,No Man's Sky,Adventure,2026-04-06,58
275850,No Man's Sky,Adventure,2026-04-07,69
275850,No Man's Sky,Adventure,2026-04-08,197
275850,No Man's Sky,Adventure,2026-04-09,192
275850,No Man's Sky,Adventure,2026-04-10,170
275850,No Man's Sky,Adventure,2026-04-11,133
284160,BeamNG.drive,Strategy/Simulation,2026-03-22,76
284160,BeamNG.drive,Strategy/Simulation,2026-03-23,202
284160,BeamNG.drive,Strategy/Simulation,2026-03-24,218
284160,BeamNG.drive,Strategy/Simulation,2026-03-25,222
284160,BeamNG.drive,Strategy/Simulation,2026-03-26,193
284160,BeamNG.drive,Strategy/Simulation,2026-03-27,266
284160,BeamNG.drive,Strategy/Simulation,2026-03-28,305
284160,BeamNG.drive,Strategy/Simulation,2026-03-29,281
284160,BeamNG.drive,Strategy/Simulation,2026-03-30,203
284160,BeamNG.drive,Strategy/Simulation,2026-03-31,193
284160,BeamNG.drive,Strategy/Simulation,2026-04-01,230
284160,BeamNG.drive,Strategy/Simulation,2026-04-02,221
284160,BeamNG.drive,Strategy/Simulation,2026-04-03,224
284160,BeamNG.drive,Strategy/Simulation,2026-04-04,253
284160,BeamNG.drive,Strategy/Simulation,2026-04-05,263
284160,BeamNG.drive,Strategy/Simulation,2026-04-06,224
284160,BeamNG.drive,Strategy/Simulation,2026-04-07,230
284160,BeamNG.drive,Strategy/Simulation,2026-04-08,425
284160,BeamNG.drive,Strategy/Simulation,2026-04-09,284
284160,BeamNG.drive,Strategy/Simulation,2026-04-10,252
284160,BeamNG.drive,Strategy/Simulation,2026-04-11,235
289070,Sid Meier’s Civilization VI,Strategy/Simulation,2026-01-18,40
289070,Sid Meier’s Civilization VI,Strategy/Simulation,2026-01-19,52
289070,Sid Meier’s Civilization VI,Strategy/Simulation,2026-01-20,49
289070,Sid Meier’s Civilization VI,Strategy/Simulation,2026-01-21,46
289070,Sid Meier’s Civilization VI,Strategy/Simulation,2026-01-22,45
289070,Sid Meier’s Civilization VI,Strategy/Simulation,2026-01-23,38
289070,Sid Meier’s Civilization VI,Strategy/Simulation,2026-01-24,61
289070,Sid Meier’s Civilization VI,Strategy/Simulation,2026-01-25,70
289070,Sid Meier’s Civilization VI,Strategy/Simulation,2026-01-26,50
289070,Sid Meier’s Civilization VI,Strategy/Simulation,2026-01-27,41
289070,Sid Meier’s Civilization VI,Strategy/Simulation,2026-01-28,53
289070,Sid Meier’s Civilization VI,Strategy/Simulation,2026-01-29,48
289070,Sid Meier’s Civilization VI,Strategy/Simulation,2026-01-30,63
289070,Sid Meier’s Civilization VI,Strategy/Simulation,2026-01-31,57
289070,Sid Meier’s Civilization VI,Strategy/Simulation,2026-02-01,59
289070,Sid Meier’s Civilization VI,Strategy/Simulation,2026-02-02,52
289070,Sid Meier’s Civilization VI,Strategy/Simulation,2026-02-03,51
289070,Sid Meier’s Civilization VI,Strategy/Simulation,2026-02-04,53
289070,Sid Meier’s Civilization VI,Strategy/Simulation,2026-02-05,51
289070,Sid Meier’s Civilization VI,Strategy/Simulation,2026-02-06,51
289070,Sid Meier’s Civilization VI,Strategy/Simulation,2026-02-07,78
289070,Sid Meier’s Civilization VI,Strategy/Simulation,2026-02-08,79
289070,Sid Meier’s Civilization VI,Strategy/Simulation,2026-02-09,55
289070,Sid Meier’s Civilization VI,Strategy/Simulation,2026-02-10,64
289070,Sid Meier’s Civilization VI,Strategy/Simulation,2026-02-11,68
289070,Sid Meier’s Civilization VI,Strategy/Simulation,2026-02-12,71
289070,Sid Meier’s Civilization VI,Strategy/Simulation,2026-02-13,62
289070,Sid Meier’s Civilization VI,Strategy/Simulation,2026-02-14,70
289070,Sid Meier’s Civilization VI,Strategy/Simulation,2026-02-15,77
289070,Sid Meier’s Civilization VI,Strategy/Simulation,2026-02-16,59
289070,Sid Meier’s Civilization VI,Strategy/Simulation,2026-02-17,76
289070,Sid Meier’s Civilization VI,Strategy/Simulation,2026-02-18,86
289070,Sid Meier’s Civilization VI,Strategy/Simulation,2026-02-19,78
289070,Sid Meier’s Civilization VI,Strategy/Simulation,2026-02-20,70
289070,Sid Meier’s Civilization VI,Strategy/Simulation,2026-02-21,82
289070,Sid Meier’s Civilization VI,Strategy/Simulation,2026-02-22,80
289070,Sid Meier’s Civilization VI,Strategy/Simulation,2026-02-23,71
289070,Sid Meier’s Civilization VI,Strategy/Simulation,2026-02-24,64
289070,Sid Meier’s Civilization VI,Strategy/Simulation,2026-02-25,61
289070,Sid Meier’s Civilization VI,Strategy/Simulation,2026-02-26,46
289070,Sid Meier’s Civilization VI,Strategy/Simulation,2026-02-27,55
289070,Sid Meier’s Civilization VI,Strategy/Simulation,2026-02-28,51
289070,Sid Meier’s Civilization VI,Strategy/Simulation,2026-03-01,74
289070,Sid Meier’s Civilization VI,Strategy/Simulation,2026-03-02,59
289070,Sid Meier’s Civilization VI,Strategy/Simulation,2026-03-03,51
289070,Sid Meier’s Civilization VI,Strategy/Simulation,2026-03-04,41
289070,Sid Meier’s Civilization VI,Strategy/Simulation,2026-03-05,48
289070,Sid Meier’s Civilization VI,Strategy/Simulation,2026-03-06,55
289070,Sid Meier’s Civilization VI,Strategy/Simulation,2026-03-07,73
289070,Sid Meier’s Civilization VI,Strategy/Simulation,2026-03-08,68
289070,Sid Meier’s Civilization VI,Strategy/Simulation,2026-03-09,44
289070,Sid Meier’s Civilization VI,Strategy/Simulation,2026-03-10,36
289070,Sid Meier’s Civilization VI,Strategy/Simulation,2026-03-11,51
289070,Sid Meier’s Civilization VI,Strategy/Simulation,2026-03-12,42
289070,Sid Meier’s Civilization VI,Strategy/Simulation,2026-03-13,49
289070,Sid Meier’s Civilization VI,Strategy/Simulation,2026-03-14,73
289070,Sid Meier’s Civilization VI,Strategy/Simulation,2026-03-15,59
289070,Sid Meier’s Civilization VI,Strategy/Simulation,2026-03-16,43
289070,Sid Meier’s Civilization VI,Strategy/Simulation,2026-03-17,44
289070,Sid Meier’s Civilization VI,Strategy/Simulation,2026-03-18,39
289070,Sid Meier’s Civilization VI,Strategy/Simulation,2026-03-19,42
289070,Sid Meier’s Civilization VI,Strategy/Simulation,2026-03-20,79
289070,Sid Meier’s Civilization VI,Strategy/Simulation,2026-03-21,73
289070,Sid Meier’s Civilization VI,Strategy/Simulation,2026-03-22,78
289070,Sid Meier’s Civilization VI,Strategy/Simulation,2026-03-23,57
289070,Sid Meier’s Civilization VI,Strategy/Simulation,2026-03-24,60
289070,Sid Meier’s Civilization VI,Strategy/Simulation,2026-03-25,71
289070,Sid Meier’s Civilization VI,Strategy/Simulation,2026-03-26,58
289070,Sid Meier’s Civilization VI,Strategy/Simulation,2026-03-27,68
289070,Sid Meier’s Civilization VI,Strategy/Simulation,2026-03-28,86
289070,Sid Meier’s Civilization VI,Strategy/Simulation,2026-03-29,84
289070,Sid Meier’s Civilization VI,Strategy/Simulation,2026-03-30,74
289070,Sid Meier’s Civilization VI,Strategy/Simulation,2026-03-31,64
289070,Sid Meier’s Civilization VI,Strategy/Simulation,2026-04-01,67
289070,Sid Meier’s Civilization VI,Strategy/Simulation,2026-04-02,64
289070,Sid Meier’s Civilization VI,Strategy/Simulation,2026-04-03,62
289070,Sid Meier’s Civilization VI,Strategy/Simulation,2026-04-04,77
289070,Sid Meier’s Civilization VI,Strategy/Simulation,2026-04-05,58
289070,Sid Meier’s Civilization VI,Strategy/Simulation,2026-04-06,69
289070,Sid Meier’s Civilization VI,Strategy/Simulation,2026-04-07,48
289070,Sid Meier’s Civilization VI,Strategy/Simulation,2026-04-08,47
289070,Sid Meier’s Civilization VI,Strategy/Simulation,2026-04-09,47
289070,Sid Meier’s Civilization VI,Strategy/Simulation,2026-04-10,45
289070,Sid Meier’s Civilization VI,Strategy/Simulation,2026-04-11,40
292030,The Witcher 3: Wild Hunt,RPG,2026-03-03,67
292030,The Witcher 3: Wild Hunt,RPG,2026-03-04,102
292030,The Witcher 3: Wild Hunt,RPG,2026-03-05,103
292030,The Witcher 3: Wild Hunt,RPG,2026-03-06,96
292030,The Witcher 3: Wild Hunt,RPG,2026-03-07,120
292030,The Witcher 3: Wild Hunt,RPG,2026-03-08,134
292030,The Witcher 3: Wild Hunt,RPG,2026-03-09,98
292030,The Witcher 3: Wild Hunt,RPG,2026-03-10,106
292030,The Witcher 3: Wild Hunt,RPG,2026-03-11,107
292030,The Witcher 3: Wild Hunt,RPG,2026-03-12,85
292030,The Witcher 3: Wild Hunt,RPG,2026-03-13,87
292030,The Witcher 3: Wild Hunt,RPG,2026-03-14,140
292030,The Witcher 3: Wild Hunt,RPG,2026-03-15,126
292030,The Witcher 3: Wild Hunt,RPG,2026-03-16,132
292030,The Witcher 3: Wild Hunt,RPG,2026-03-17,116
292030,The Witcher 3: Wild Hunt,RPG,2026-03-18,113
292030,The Witcher 3: Wild Hunt,RPG,2026-03-19,120
292030,The Witcher 3: Wild Hunt,RPG,2026-03-20,137
292030,The Witcher 3: Wild Hunt,RPG,2026-03-21,153
292030,The Witcher 3: Wild Hunt,RPG,2026-03-22,197
292030,The Witcher 3: Wild Hunt,RPG,2026-03-23,161
292030,The Witcher 3: Wild Hunt,RPG,2026-03-24,141
292030,The Witcher 3: Wild Hunt,RPG,2026-03-25,186
292030,The Witcher 3: Wild Hunt,RPG,2026-03-26,164
292030,The Witcher 3: Wild Hunt,RPG,2026-03-27,156
292030,The Witcher 3: Wild Hunt,RPG,2026-03-28,168
292030,The Witcher 3: Wild Hunt,RPG,2026-03-29,176
292030,The Witcher 3: Wild Hunt,RPG,2026-03-30,124
292030,The Witcher 3: Wild Hunt,RPG,2026-03-31,118
292030,The Witcher 3: Wild Hunt,RPG,2026-04-01,125
292030,The Witcher 3: Wild Hunt,RPG,2026-04-02,116
292030,The Witcher 3: Wild Hunt,RPG,2026-04-03,136
292030,The Witcher 3: Wild Hunt,RPG,2026-04-04,154
292030,The Witcher 3: Wild Hunt,RPG,2026-04-05,144
292030,The Witcher 3: Wild Hunt,RPG,2026-04-06,142
292030,The Witcher 3: Wild Hunt,RPG,2026-04-07,113
292030,The Witcher 3: Wild Hunt,RPG,2026-04-08,107
292030,The Witcher 3: Wild Hunt,RPG,2026-04-09,113
292030,The Witcher 3: Wild Hunt,RPG,2026-04-10,99
292030,The Witcher 3: Wild Hunt,RPG,2026-04-11,18
322330,Don't Starve Together,RPG,2026-02-12,28
322330,Don't Starve Together,RPG,2026-02-13,108
322330,Don't Starve Together,RPG,2026-02-14,128
322330,Don't Starve Together,RPG,2026-02-15,116
322330,Don't Starve Together,RPG,2026-02-16,112
322330,Don't Starve Together,RPG,2026-02-17,93
322330,Don't Starve Together,RPG,2026-02-18,88
322330,Don't Starve Together,RPG,2026-02-19,115
322330,Don't Starve Together,RPG,2026-02-20,109
322330,Don't Starve Together,RPG,2026-02-21,107
322330,Don't Starve Together,RPG,2026-02-22,104
322330,Don't Starve Together,RPG,2026-02-23,80
322330,Don't Starve Together,RPG,2026-02-24,116
322330,Don't Starve Together,RPG,2026-02-25,79
322330,Don't Starve Together,RPG,2026-02-26,83
322330,Don't Starve Together,RPG,2026-02-27,77
322330,Don't Starve Together,RPG,2026-02-28,95
322330,Don't Starve Together,RPG,2026-03-01,84
322330,Don't Starve Together,RPG,2026-03-02,52
322330,Don't Starve Together,RPG,2026-03-03,72
322330,Don't Starve Together,RPG,2026-03-04,60
322330,Don't Starve Together,RPG,2026-03-05,61
322330,Don't Starve Together,RPG,2026-03-06,65
322330,Don't Starve Together,RPG,2026-03-07,80
322330,Don't Starve Together,RPG,2026-03-08,77
322330,Don't Starve Together,RPG,2026-03-09,71
322330,Don't Starve Together,RPG,2026-03-10,63
322330,Don't Starve Together,RPG,2026-03-11,60
322330,Don't Starve Together,RPG,2026-03-12,65
322330,Don't Starve Together,RPG,2026-03-13,61
322330,Don't Starve Together,RPG,2026-03-14,86
322330,Don't Starve Together,RPG,2026-03-15,103
322330,Don't Starve Together,RPG,2026-03-16,65
322330,Don't Starve Together,RPG,2026-03-17,52
322330,Don't Starve Together,RPG,2026-03-18,73
322330,Don't Starve Together,RPG,2026-03-19,62
322330,Don't Starve Together,RPG,2026-03-20,98
322330,Don't Starve Together,RPG,2026-03-21,121
322330,Don't Starve Together,RPG,2026-03-22,105
322330,Don't Starve Together,RPG,2026-03-23,91
322330,Don't Starve Together,RPG,2026-03-24,90
322330,Don't Starve Together,RPG,2026-03-25,88
322330,Don't Starve Together,RPG,2026-03-26,106
322330,Don't Starve Together,RPG,2026-03-27,114
322330,Don't Starve Together,RPG,2026-03-28,96
322330,Don't Starve Together,RPG,2026-03-29,94
322330,Don't Starve Together,RPG,2026-03-30,82
322330,Don't Starve Together,RPG,2026-03-31,75
322330,Don't Starve Together,RPG,2026-04-01,82
322330,Don't Starve Together,RPG,2026-04-02,84
322330,Don't Starve Together,RPG,2026-04-03,84
322330,Don't Starve Together,RPG,2026-04-04,99
322330,Don't Starve Together,RPG,2026-04-05,91
322330,Don't Starve Together,RPG,2026-04-06,76
322330,Don't Starve Together,RPG,2026-04-07,69
322330,Don't Starve Together,RPG,2026-04-08,65
322330,Don't Starve Together,RPG,2026-04-09,57
322330,Don't Starve Together,RPG,2026-04-10,92
322330,Don't Starve Together,RPG,2026-04-11,91
367520,Hollow Knight,Adventure,2026-03-19,105
367520,Hollow Knight,Adventure,2026-03-20,186
367520,Hollow Knight,Adventure,2026-03-21,258
367520,Hollow Knight,Adventure,2026-03-22,260
367520,Hollow Knight,Adventure,2026-03-23,212
367520,Hollow Knight,Adventure,2026-03-24,202
367520,Hollow Knight,Adventure,2026-03-25,215
367520,Hollow Knight,Adventure,2026-03-26,264
367520,Hollow Knight,Adventure,2026-03-27,290
367520,Hollow Knight,Adventure,2026-03-28,317
367520,Hollow Knight,Adventure,2026-03-29,268
367520,Hollow Knight,Adventure,2026-03-30,217
367520,Hollow Knight,Adventure,2026-03-31,192
367520,Hollow Knight,Adventure,2026-04-01,202
367520,Hollow Knight,Adventure,2026-04-02,202
367520,Hollow Knight,Adventure,2026-04-03,211
367520,Hollow Knight,Adventure,2026-04-04,244
367520,Hollow Knight,Adventure,2026-04-05,231
367520,Hollow Knight,Adventure,2026-04-06,209
367520,Hollow Knight,Adventure,2026-04-07,180
367520,Hollow Knight,Adventure,2026-04-08,167
367520,Hollow Knight,Adventure,2026-04-09,145
367520,Hollow Knight,Adventure,2026-04-10,170
367520,Hollow Knight,Adventure,2026-04-11,53
377160,Fallout 4,RPG,2026-02-11,20
377160,Fallout 4,RPG,2026-02-12,153
377160,Fallout 4,RPG,2026-02-13,150
377160,Fallout 4,RPG,2026-02-14,171
377160,Fallout 4,RPG,2026-02-15,186
377160,Fallout 4,RPG,2026-02-16,133
377160,Fallout 4,RPG,2026-02-17,145
377160,Fallout 4,RPG,2026-02-18,131
377160,Fallout 4,RPG,2026-02-19,108
377160,Fallout 4,RPG,2026-02-20,113
377160,Fallout 4,RPG,2026-02-21,139
377160,Fallout 4,RPG,2026-02-22,176
377160,Fallout 4,RPG,2026-02-23,110
377160,Fallout 4,RPG,2026-02-24,106
377160,Fallout 4,RPG,2026-02-25,86
377160,Fallout 4,RPG,2026-02-26,84
377160,Fallout 4,RPG,2026-02-27,78
377160,Fallout 4,RPG,2026-02-28,112
377160,Fallout 4,RPG,2026-03-01,120
377160,Fallout 4,RPG,2026-03-02,74
377160,Fallout 4,RPG,2026-03-03,69
377160,Fallout 4,RPG,2026-03-04,80
377160,Fallout 4,RPG,2026-03-05,58
377160,Fallout 4,RPG,2026-03-06,65
377160,Fallout 4,RPG,2026-03-07,70
377160,Fallout 4,RPG,2026-03-08,87
377160,Fallout 4,RPG,2026-03-09,75
377160,Fallout 4,RPG,2026-03-10,64
377160,Fallout 4,RPG,2026-03-11,77
377160,Fallout 4,RPG,2026-03-12,65
377160,Fallout 4,RPG,2026-03-13,58
377160,Fallout 4,RPG,2026-03-14,82
377160,Fallout 4,RPG,2026-03-15,75
377160,Fallout 4,RPG,2026-03-16,71
377160,Fallout 4,RPG,2026-03-17,61
377160,Fallout 4,RPG,2026-03-18,53
377160,Fallout 4,RPG,2026-03-19,59
377160,Fallout 4,RPG,2026-03-20,71
377160,Fallout 4,RPG,2026-03-21,84
377160,Fallout 4,RPG,2026-03-22,88
377160,Fallout 4,RPG,2026-03-23,65
377160,Fallout 4,RPG,2026-03-24,62
377160,Fallout 4,RPG,2026-03-25,63
377160,Fallout 4,RPG,2026-03-26,60
377160,Fallout 4,RPG,2026-03-27,58
377160,Fallout 4,RPG,2026-03-28,74
377160,Fallout 4,RPG,2026-03-29,90
377160,Fallout 4,RPG,2026-03-30,50
377160,Fallout 4,RPG,2026-03-31,53
377160,Fallout 4,RPG,2026-04-01,48
377160,Fallout 4,RPG,2026-04-02,69
377160,Fallout 4,RPG,2026-04-03,71
377160,Fallout 4,RPG,2026-04-04,65
377160,Fallout 4,RPG,2026-04-05,63
377160,Fallout 4,RPG,2026-04-06,45
377160,Fallout 4,RPG,2026-04-07,53
377160,Fallout 4,RPG,2026-04-08,44
377160,Fallout 4,RPG,2026-04-09,57
377160,Fallout 4,RPG,2026-04-10,67
377160,Fallout 4,RPG,2026-04-11,36
381210,Dead by Daylight,Action,2026-03-24,221
381210,Dead by Daylight,Action,2026-03-25,336
381210,Dead by Daylight,Action,2026-03-26,303
381210,Dead by Daylight,Action,2026-03-27,293
381210,Dead by Daylight,Action,2026-03-28,301
381210,Dead by Daylight,Action,2026-03-29,310
381210,Dead by Daylight,Action,2026-03-30,254
381210,Dead by Daylight,Action,2026-03-31,340
381210,Dead by Daylight,Action,2026-04-01,277
381210,Dead by Daylight,Action,2026-04-02,256
381210,Dead by Daylight,Action,2026-04-03,278
381210,Dead by Daylight,Action,2026-04-04,262
381210,Dead by Daylight,Action,2026-04-05,275
381210,Dead by Daylight,Action,2026-04-06,219
381210,Dead by Daylight,Action,2026-04-07,228
381210,Dead by Daylight,Action,2026-04-08,235
381210,Dead by Daylight,Action,2026-04-09,193
381210,Dead by Daylight,Action,2026-04-10,226
381210,Dead by Daylight,Action,2026-04-11,192
391540,Undertale,Casual/Indie,2026-03-06,16
391540,Undertale,Casual/Indie,2026-03-07,170
391540,Undertale,Casual/Indie,2026-03-08,171
391540,Undertale,Casual/Indie,2026-03-09,105
391540,Undertale,Casual/Indie,2026-03-10,106
391540,Undertale,Casual/Indie,2026-03-11,122
391540,Undertale,Casual/Indie,2026-03-12,95
391540,Undertale,Casual/Indie,2026-03-13,119
391540,Undertale,Casual/Indie,2026-03-14,189
391540,Undertale,Casual/Indie,2026-03-15,151
391540,Undertale,Casual/Indie,2026-03-16,129
391540,Undertale,Casual/Indie,2026-03-17,102
391540,Undertale,Casual/Indie,2026-03-18,110
391540,Undertale,Casual/Indie,2026-03-19,112
391540,Undertale,Casual/Indie,2026-03-20,119
391540,Undertale,Casual/Indie,2026-03-21,130
391540,Undertale,Casual/Indie,2026-03-22,140
391540,Undertale,Casual/Indie,2026-03-23,104
391540,Undertale,Casual/Indie,2026-03-24,104
391540,Undertale,Casual/Indie,2026-03-25,106
391540,Undertale,Casual/Indie,2026-03-26,119
391540,Undertale,Casual/Indie,2026-03-27,108
391540,Undertale,Casual/Indie,2026-03-28,152
391540,Undertale,Casual/Indie,2026-03-29,148
391540,Undertale,Casual/Indie,2026-03-30,178
391540,Undertale,Casual/Indie,2026-03-31,427
391540,Undertale,Casual/Indie,2026-04-01,306
391540,Undertale,Casual/Indie,2026-04-02,179
391540,Undertale,Casual/Indie,2026-04-03,180
391540,Undertale,Casual/Indie,2026-04-04,148
391540,Undertale,Casual/Indie,2026-04-05,143
391540,Undertale,Casual/Indie,2026-04-06,99
391540,Undertale,Casual/Indie,2026-04-07,98
391540,Undertale,Casual/Indie,2026-04-08,87
391540,Undertale,Casual/Indie,2026-04-09,92
391540,Undertale,Casual/Indie,2026-04-10,82
391540,Undertale,Casual/Indie,2026-04-11,54
394360,Hearts of Iron IV,Strategy/Simulation,2026-02-27,5
394360,Hearts of Iron IV,Strategy/Simulation,2026-02-28,91
394360,Hearts of Iron IV,Strategy/Simulation,2026-03-01,107
394360,Hearts of Iron IV,Strategy/Simulation,2026-03-02,81
394360,Hearts of Iron IV,Strategy/Simulation,2026-03-03,68
394360,Hearts of Iron IV,Strategy/Simulation,2026-03-04,80
394360,Hearts of Iron IV,Strategy/Simulation,2026-03-05,88
394360,Hearts of Iron IV,Strategy/Simulation,2026-03-06,94
394360,Hearts of Iron IV,Strategy/Simulation,2026-03-07,99
394360,Hearts of Iron IV,Strategy/Simulation,2026-03-08,115
394360,Hearts of Iron IV,Strategy/Simulation,2026-03-09,84
394360,Hearts of Iron IV,Strategy/Simulation,2026-03-10,94
394360,Hearts of Iron IV,Strategy/Simulation,2026-03-11,98
394360,Hearts of Iron IV,Strategy/Simulation,2026-03-12,107
394360,Hearts of Iron IV,Strategy/Simulation,2026-03-13,147
394360,Hearts of Iron IV,Strategy/Simulation,2026-03-14,170
394360,Hearts of Iron IV,Strategy/Simulation,2026-03-15,156
394360,Hearts of Iron IV,Strategy/Simulation,2026-03-16,120
394360,Hearts of Iron IV,Strategy/Simulation,2026-03-17,135
394360,Hearts of Iron IV,Strategy/Simulation,2026-03-18,132
394360,Hearts of Iron IV,Strategy/Simulation,2026-03-19,138
394360,Hearts of Iron IV,Strategy/Simulation,2026-03-20,169
394360,Hearts of Iron IV,Strategy/Simulation,2026-03-21,145
394360,Hearts of Iron IV,Strategy/Simulation,2026-03-22,175
394360,Hearts of Iron IV,Strategy/Simulation,2026-03-23,139
394360,Hearts of Iron IV,Strategy/Simulation,2026-03-24,95
394360,Hearts of Iron IV,Strategy/Simulation,2026-03-25,121
394360,Hearts of Iron IV,Strategy/Simulation,2026-03-26,136
394360,Hearts of Iron IV,Strategy/Simulation,2026-03-27,140
394360,Hearts of Iron IV,Strategy/Simulation,2026-03-28,147
394360,Hearts of Iron IV,Strategy/Simulation,2026-03-29,133
394360,Hearts of Iron IV,Strategy/Simulation,2026-03-30,112
394360,Hearts of Iron IV,Strategy/Simulation,2026-03-31,105
394360,Hearts of Iron IV,Strategy/Simulation,2026-04-01,108
394360,Hearts of Iron IV,Strategy/Simulation,2026-04-02,111
394360,Hearts of Iron IV,Strategy/Simulation,2026-04-03,122
394360,Hearts of Iron IV,Strategy/Simulation,2026-04-04,121
394360,Hearts of Iron IV,Strategy/Simulation,2026-04-05,120
394360,Hearts of Iron IV,Strategy/Simulation,2026-04-06,117
394360,Hearts of Iron IV,Strategy/Simulation,2026-04-07,111
394360,Hearts of Iron IV,Strategy/Simulation,2026-04-08,114
394360,Hearts of Iron IV,Strategy/Simulation,2026-04-09,77
394360,Hearts of Iron IV,Strategy/Simulation,2026-04-10,104
394360,Hearts of Iron IV,Strategy/Simulation,2026-04-11,68
413150,Stardew Valley,RPG,2026-03-29,223
413150,Stardew Valley,RPG,2026-03-30,412
413150,Stardew Valley,RPG,2026-03-31,426
413150,Stardew Valley,RPG,2026-04-01,350
413150,Stardew Valley,RPG,2026-04-02,360
413150,Stardew Valley,RPG,2026-04-03,392
413150,Stardew Valley,RPG,2026-04-04,447
413150,Stardew Valley,RPG,2026-04-05,435
413150,Stardew Valley,RPG,2026-04-06,378
413150,Stardew Valley,RPG,2026-04-07,327
413150,Stardew Valley,RPG,2026-04-08,334
413150,Stardew Valley,RPG,2026-04-09,278
413150,Stardew Valley,RPG,2026-04-10,336
413150,Stardew Valley,RPG,2026-04-11,302
526870,Satisfactory,Casual/Indie,2026-03-02,23
526870,Satisfactory,Casual/Indie,2026-03-03,75
526870,Satisfactory,Casual/Indie,2026-03-04,72
526870,Satisfactory,Casual/Indie,2026-03-05,87
526870,Satisfactory,Casual/Indie,2026-03-06,106
526870,Satisfactory,Casual/Indie,2026-03-07,121
526870,Satisfactory,Casual/Indie,2026-03-08,150
526870,Satisfactory,Casual/Indie,2026-03-09,149
526870,Satisfactory,Casual/Indie,2026-03-10,108
526870,Satisfactory,Casual/Indie,2026-03-11,113
526870,Satisfactory,Casual/Indie,2026-03-12,91
526870,Satisfactory,Casual/Indie,2026-03-13,100
526870,Satisfactory,Casual/Indie,2026-03-14,120
526870,Satisfactory,Casual/Indie,2026-03-15,152
526870,Satisfactory,Casual/Indie,2026-03-16,138
526870,Satisfactory,Casual/Indie,2026-03-17,157
526870,Satisfactory,Casual/Indie,2026-03-18,154
526870,Satisfactory,Casual/Indie,2026-03-19,144
526870,Satisfactory,Casual/Indie,2026-03-20,146
526870,Satisfactory,Casual/Indie,2026-03-21,160
526870,Satisfactory,Casual/Indie,2026-03-22,178
526870,Satisfactory,Casual/Indie,2026-03-23,159
526870,Satisfactory,Casual/Indie,2026-03-24,147
526870,Satisfactory,Casual/Indie,2026-03-25,134
526870,Satisfactory,Casual/Indie,2026-03-26,138
526870,Satisfactory,Casual/Indie,2026-03-27,132
526870,Satisfactory,Casual/Indie,2026-03-28,160
526870,Satisfactory,Casual/Indie,2026-03-29,156
526870,Satisfactory,Casual/Indie,2026-03-30,124
526870,Satisfactory,Casual/Indie,2026-03-31,113
526870,Satisfactory,Casual/Indie,2026-04-01,122
526870,Satisfactory,Casual/Indie,2026-04-02,95
526870,Satisfactory,Casual/Indie,2026-04-03,128
526870,Satisfactory,Casual/Indie,2026-04-04,128
526870,Satisfactory,Casual/Indie,2026-04-05,131
526870,Satisfactory,Casual/Indie,2026-04-06,112
526870,Satisfactory,Casual/Indie,2026-04-07,102
526870,Satisfactory,Casual/Indie,2026-04-08,92
526870,Satisfactory,Casual/Indie,2026-04-09,103
526870,Satisfactory,Casual/Indie,2026-04-10,97
526870,Satisfactory,Casual/Indie,2026-04-11,82
553850,HELLDIVERS 2,Action,2026-03-24,165
553850,HELLDIVERS 2,Action,2026-03-25,411
553850,HELLDIVERS 2,Action,2026-03-26,303
553850,HELLDIVERS 2,Action,2026-03-27,294
553850,HELLDIVERS 2,Action,2026-03-28,314
553850,HELLDIVERS 2,Action,2026-03-29,337
553850,HELLDIVERS 2,Action,2026-03-30,247
553850,HELLDIVERS 2,Action,2026-03-31,239
553850,HELLDIVERS 2,Action,2026-04-01,321
553850,HELLDIVERS 2,Action,2026-04-02,227
553850,HELLDIVERS 2,Action,2026-04-03,266
553850,HELLDIVERS 2,Action,2026-04-04,280
553850,HELLDIVERS 2,Action,2026-04-05,296
553850,HELLDIVERS 2,Action,2026-04-06,228
553850,HELLDIVERS 2,Action,2026-04-07,247
553850,HELLDIVERS 2,Action,2026-04-08,217
553850,HELLDIVERS 2,Action,2026-04-09,207
553850,HELLDIVERS 2,Action,2026-04-10,213
553850,HELLDIVERS 2,Action,2026-04-11,188
632360,Risk of Rain 2,Casual/Indie,2026-01-31,45
632360,Risk of Rain 2,Casual/Indie,2026-02-01,76
632360,Risk of Rain 2,Casual/Indie,2026-02-02,67
632360,Risk of Rain 2,Casual/Indie,2026-02-03,59
632360,Risk of Rain 2,Casual/Indie,2026-02-04,48
632360,Risk of Rain 2,Casual/Indie,2026-02-05,54
632360,Risk of Rain 2,Casual/Indie,2026-02-06,79
632360,Risk of Rain 2,Casual/Indie,2026-02-07,123
632360,Risk of Rain 2,Casual/Indie,2026-02-08,124
632360,Risk of Rain 2,Casual/Indie,2026-02-09,93
632360,Risk of Rain 2,Casual/Indie,2026-02-10,94
632360,Risk of Rain 2,Casual/Indie,2026-02-11,89
632360,Risk of Rain 2,Casual/Indie,2026-02-12,84
632360,Risk of Rain 2,Casual/Indie,2026-02-13,84
632360,Risk of Rain 2,Casual/Indie,2026-02-14,100
632360,Risk of Rain 2,Casual/Indie,2026-02-15,110
632360,Risk of Rain 2,Casual/Indie,2026-02-16,94
632360,Risk of Rain 2,Casual/Indie,2026-02-17,106
632360,Risk of Rain 2,Casual/Indie,2026-02-18,88
632360,Risk of Rain 2,Casual/Indie,2026-02-19,75
632360,Risk of Rain 2,Casual/Indie,2026-02-20,111
632360,Risk of Rain 2,Casual/Indie,2026-02-21,103
632360,Risk of Rain 2,Casual/Indie,2026-02-22,95
632360,Risk of Rain 2,Casual/Indie,2026-02-23,77
632360,Risk of Rain 2,Casual/Indie,2026-02-24,72
632360,Risk of Rain 2,Casual/Indie,2026-02-25,57
632360,Risk of Rain 2,Casual/Indie,2026-02-26,54
632360,Risk of Rain 2,Casual/Indie,2026-02-27,64
632360,Risk of Rain 2,Casual/Indie,2026-02-28,73
632360,Risk of Rain 2,Casual/Indie,2026-03-01,60
632360,Risk of Rain 2,Casual/Indie,2026-03-02,57
632360,Risk of Rain 2,Casual/Indie,2026-03-03,43
632360,Risk of Rain 2,Casual/Indie,2026-03-04,48
632360,Risk of Rain 2,Casual/Indie,2026-03-05,54
632360,Risk of Rain 2,Casual/Indie,2026-03-06,46
632360,Risk of Rain 2,Casual/Indie,2026-03-07,61
632360,Risk of Rain 2,Casual/Indie,2026-03-08,71
632360,Risk of Rain 2,Casual/Indie,2026-03-09,54
632360,Risk of Rain 2,Casual/Indie,2026-03-10,43
632360,Risk of Rain 2,Casual/Indie,2026-03-11,42
632360,Risk of Rain 2,Casual/Indie,2026-03-12,43
632360,Risk of Rain 2,Casual/Indie,2026-03-13,36
632360,Risk of Rain 2,Casual/Indie,2026-03-14,46
632360,Risk of Rain 2,Casual/Indie,2026-03-15,69
632360,Risk of Rain 2,Casual/Indie,2026-03-16,50
632360,Risk of Rain 2,Casual/Indie,2026-03-17,46
632360,Risk of Rain 2,Casual/Indie,2026-03-18,41
632360,Risk of Rain 2,Casual/Indie,2026-03-19,43
632360,Risk of Rain 2,Casual/Indie,2026-03-20,74
632360,Risk of Rain 2,Casual/Indie,2026-03-21,98
632360,Risk of Rain 2,Casual/Indie,2026-03-22,93
632360,Risk of Rain 2,Casual/Indie,2026-03-23,86
632360,Risk of Rain 2,Casual/Indie,2026-03-24,70
632360,Risk of Rain 2,Casual/Indie,2026-03-25,97
632360,Risk of Rain 2,Casual/Indie,2026-03-26,81
632360,Risk of Rain 2,Casual/Indie,2026-03-27,75
632360,Risk of Rain 2,Casual/Indie,2026-03-28,73
632360,Risk of Rain 2,Casual/Indie,2026-03-29,90
632360,Risk of Rain 2,Casual/Indie,2026-03-30,53
632360,Risk of Rain 2,Casual/Indie,2026-03-31,56
632360,Risk of Rain 2,Casual/Indie,2026-04-01,68
632360,Risk of Rain 2,Casual/Indie,2026-04-02,57
632360,Risk of Rain 2,Casual/Indie,2026-04-03,69
632360,Risk of Rain 2,Casual/Indie,2026-04-04,59
632360,Risk of Rain 2,Casual/Indie,2026-04-05,72
632360,Risk of Rain 2,Casual/Indie,2026-04-06,53
632360,Risk of Rain 2,Casual/Indie,2026-04-07,52
632360,Risk of Rain 2,Casual/Indie,2026-04-08,46
632360,Risk of Rain 2,Casual/Indie,2026-04-09,65
632360,Risk of Rain 2,Casual/Indie,2026-04-10,82
632360,Risk of Rain 2,Casual/Indie,2026-04-11,79
648800,Raft,Strategy/Simulation,2026-02-19,12
648800,Raft,Strategy/Simulation,2026-02-20,98
648800,Raft,Strategy/Simulation,2026-02-21,101
648800,Raft,Strategy/Simulation,2026-02-22,109
648800,Raft,Strategy/Simulation,2026-02-23,78
648800,Raft,Strategy/Simulation,2026-02-24,85
648800,Raft,Strategy/Simulation,2026-02-25,68
648800,Raft,Strategy/Simulation,2026-02-26,81
648800,Raft,Strategy/Simulation,2026-02-27,89
648800,Raft,Strategy/Simulation,2026-02-28,91
648800,Raft,Strategy/Simulation,2026-03-01,92
648800,Raft,Strategy/Simulation,2026-03-02,76
648800,Raft,Strategy/Simulation,2026-03-03,59
648800,Raft,Strategy/Simulation,2026-03-04,67
648800,Raft,Strategy/Simulation,2026-03-05,67
648800,Raft,Strategy/Simulation,2026-03-06,59
648800,Raft,Strategy/Simulation,2026-03-07,112
648800,Raft,Strategy/Simulation,2026-03-08,101
648800,Raft,Strategy/Simulation,2026-03-09,76
648800,Raft,Strategy/Simulation,2026-03-10,99
648800,Raft,Strategy/Simulation,2026-03-11,87
648800,Raft,Strategy/Simulation,2026-03-12,91
648800,Raft,Strategy/Simulation,2026-03-13,86
648800,Raft,Strategy/Simulation,2026-03-14,87
648800,Raft,Strategy/Simulation,2026-03-15,104
648800,Raft,Strategy/Simulation,2026-03-16,75
648800,Raft,Strategy/Simulation,2026-03-17,50
648800,Raft,Strategy/Simulation,2026-03-18,59
648800,Raft,Strategy/Simulation,2026-03-19,69
648800,Raft,Strategy/Simulation,2026-03-20,107
648800,Raft,Strategy/Simulation,2026-03-21,170
648800,Raft,Strategy/Simulation,2026-03-22,172
648800,Raft,Strategy/Simulation,2026-03-23,149
648800,Raft,Strategy/Simulation,2026-03-24,138
648800,Raft,Strategy/Simulation,2026-03-25,139
648800,Raft,Strategy/Simulation,2026-03-26,134
648800,Raft,Strategy/Simulation,2026-03-27,144
648800,Raft,Strategy/Simulation,2026-03-28,147
648800,Raft,Strategy/Simulation,2026-03-29,133
648800,Raft,Strategy/Simulation,2026-03-30,119
648800,Raft,Strategy/Simulation,2026-03-31,93
648800,Raft,Strategy/Simulation,2026-04-01,111
648800,Raft,Strategy/Simulation,2026-04-02,87
648800,Raft,Strategy/Simulation,2026-04-03,100
648800,Raft,Strategy/Simulation,2026-04-04,132
648800,Raft,Strategy/Simulation,2026-04-05,109
648800,Raft,Strategy/Simulation,2026-04-06,97
648800,Raft,Strategy/Simulation,2026-04-07,103
648800,Raft,Strategy/Simulation,2026-04-08,76
648800,Raft,Strategy/Simulation,2026-04-09,65
648800,Raft,Strategy/Simulation,2026-04-10,74
648800,Raft,Strategy/Simulation,2026-04-11,72
739630,Phasmophobia,Action,2026-03-14,152
739630,Phasmophobia,Action,2026-03-15,174
739630,Phasmophobia,Action,2026-03-16,136
739630,Phasmophobia,Action,2026-03-17,119
739630,Phasmophobia,Action,2026-03-18,113
739630,Phasmophobia,Action,2026-03-19,113
739630,Phasmophobia,Action,2026-03-20,148
739630,Phasmophobia,Action,2026-03-21,188
739630,Phasmophobia,Action,2026-03-22,197
739630,Phasmophobia,Action,2026-03-23,159
739630,Phasmophobia,Action,2026-03-24,133
739630,Phasmophobia,Action,2026-03-25,141
739630,Phasmophobia,Action,2026-03-26,159
739630,Phasmophobia,Action,2026-03-27,160
739630,Phasmophobia,Action,2026-03-28,239
739630,Phasmophobia,Action,2026-03-29,210
739630,Phasmophobia,Action,2026-03-30,149
739630,Phasmophobia,Action,2026-03-31,302
739630,Phasmophobia,Action,2026-04-01,231
739630,Phasmophobia,Action,2026-04-02,204
739630,Phasmophobia,Action,2026-04-03,208
739630,Phasmophobia,Action,2026-04-04,221
739630,Phasmophobia,Action,2026-04-05,209
739630,Phasmophobia,Action,2026-04-06,192
739630,Phasmophobia,Action,2026-04-07,173
739630,Phasmophobia,Action,2026-04-08,137
739630,Phasmophobia,Action,2026-04-09,153
739630,Phasmophobia,Action,2026-04-10,159
739630,Phasmophobia,Action,2026-04-11,121
814380,Sekiro: Shadows Die Twice - GOTY Edition,Adventure,2026-01-24,78
814380,Sekiro: Shadows Die Twice - GOTY Edition,Adventure,2026-01-25,67
814380,Sekiro: Shadows Die Twice - GOTY Edition,Adventure,2026-01-26,55
814380,Sekiro: Shadows Die Twice - GOTY Edition,Adventure,2026-01-27,49
814380,Sekiro: Shadows Die Twice - GOTY Edition,Adventure,2026-01-28,43
814380,Sekiro: Shadows Die Twice - GOTY Edition,Adventure,2026-01-29,58
814380,Sekiro: Shadows Die Twice - GOTY Edition,Adventure,2026-01-30,63
814380,Sekiro: Shadows Die Twice - GOTY Edition,Adventure,2026-01-31,76
814380,Sekiro: Shadows Die Twice - GOTY Edition,Adventure,2026-02-01,72
814380,Sekiro: Shadows Die Twice - GOTY Edition,Adventure,2026-02-02,51
814380,Sekiro: Shadows Die Twice - GOTY Edition,Adventure,2026-02-03,54
814380,Sekiro: Shadows Die Twice - GOTY Edition,Adventure,2026-02-04,50
814380,Sekiro: Shadows Die Twice - GOTY Edition,Adventure,2026-02-05,60
814380,Sekiro: Shadows Die Twice - GOTY Edition,Adventure,2026-02-06,63
814380,Sekiro: Shadows Die Twice - GOTY Edition,Adventure,2026-02-07,56
814380,Sekiro: Shadows Die Twice - GOTY Edition,Adventure,2026-02-08,74
814380,Sekiro: Shadows Die Twice - GOTY Edition,Adventure,2026-02-09,42
814380,Sekiro: Shadows Die Twice - GOTY Edition,Adventure,2026-02-10,57
814380,Sekiro: Shadows Die Twice - GOTY Edition,Adventure,2026-02-11,51
814380,Sekiro: Shadows Die Twice - GOTY Edition,Adventure,2026-02-12,67
814380,Sekiro: Shadows Die Twice - GOTY Edition,Adventure,2026-02-13,62
814380,Sekiro: Shadows Die Twice - GOTY Edition,Adventure,2026-02-14,57
814380,Sekiro: Shadows Die Twice - GOTY Edition,Adventure,2026-02-15,50
814380,Sekiro: Shadows Die Twice - GOTY Edition,Adventure,2026-02-16,52
814380,Sekiro: Shadows Die Twice - GOTY Edition,Adventure,2026-02-17,58
814380,Sekiro: Shadows Die Twice - GOTY Edition,Adventure,2026-02-18,52
814380,Sekiro: Shadows Die Twice - GOTY Edition,Adventure,2026-02-19,61
814380,Sekiro: Shadows Die Twice - GOTY Edition,Adventure,2026-02-20,48
814380,Sekiro: Shadows Die Twice - GOTY Edition,Adventure,2026-02-21,74
814380,Sekiro: Shadows Die Twice - GOTY Edition,Adventure,2026-02-22,70
814380,Sekiro: Shadows Die Twice - GOTY Edition,Adventure,2026-02-23,51
814380,Sekiro: Shadows Die Twice - GOTY Edition,Adventure,2026-02-24,63
814380,Sekiro: Shadows Die Twice - GOTY Edition,Adventure,2026-02-25,52
814380,Sekiro: Shadows Die Twice - GOTY Edition,Adventure,2026-02-26,55
814380,Sekiro: Shadows Die Twice - GOTY Edition,Adventure,2026-02-27,54
814380,Sekiro: Shadows Die Twice - GOTY Edition,Adventure,2026-02-28,43
814380,Sekiro: Shadows Die Twice - GOTY Edition,Adventure,2026-03-01,60
814380,Sekiro: Shadows Die Twice - GOTY Edition,Adventure,2026-03-02,47
814380,Sekiro: Shadows Die Twice - GOTY Edition,Adventure,2026-03-03,51
814380,Sekiro: Shadows Die Twice - GOTY Edition,Adventure,2026-03-04,39
814380,Sekiro: Shadows Die Twice - GOTY Edition,Adventure,2026-03-05,57
814380,Sekiro: Shadows Die Twice - GOTY Edition,Adventure,2026-03-06,51
814380,Sekiro: Shadows Die Twice - GOTY Edition,Adventure,2026-03-07,48
814380,Sekiro: Shadows Die Twice - GOTY Edition,Adventure,2026-03-08,50
814380,Sekiro: Shadows Die Twice - GOTY Edition,Adventure,2026-03-09,36
814380,Sekiro: Shadows Die Twice - GOTY Edition,Adventure,2026-03-10,48
814380,Sekiro: Shadows Die Twice - GOTY Edition,Adventure,2026-03-11,44
814380,Sekiro: Shadows Die Twice - GOTY Edition,Adventure,2026-03-12,47
814380,Sekiro: Shadows Die Twice - GOTY Edition,Adventure,2026-03-13,54
814380,Sekiro: Shadows Die Twice - GOTY Edition,Adventure,2026-03-14,63
814380,Sekiro: Shadows Die Twice - GOTY Edition,Adventure,2026-03-15,42
814380,Sekiro: Shadows Die Twice - GOTY Edition,Adventure,2026-03-16,46
814380,Sekiro: Shadows Die Twice - GOTY Edition,Adventure,2026-03-17,47
814380,Sekiro: Shadows Die Twice - GOTY Edition,Adventure,2026-03-18,66
814380,Sekiro: Shadows Die Twice - GOTY Edition,Adventure,2026-03-19,62
814380,Sekiro: Shadows Die Twice - GOTY Edition,Adventure,2026-03-20,76
814380,Sekiro: Shadows Die Twice - GOTY Edition,Adventure,2026-03-21,79
814380,Sekiro: Shadows Die Twice - GOTY Edition,Adventure,2026-03-22,111
814380,Sekiro: Shadows Die Twice - GOTY Edition,Adventure,2026-03-23,79
814380,Sekiro: Shadows Die Twice - GOTY Edition,Adventure,2026-03-24,108
814380,Sekiro: Shadows Die Twice - GOTY Edition,Adventure,2026-03-25,84
814380,Sekiro: Shadows Die Twice - GOTY Edition,Adventure,2026-03-26,94
814380,Sekiro: Shadows Die Twice - GOTY Edition,Adventure,2026-03-27,93
814380,Sekiro: Shadows Die Twice - GOTY Edition,Adventure,2026-03-28,136
814380,Sekiro: Shadows Die Twice - GOTY Edition,Adventure,2026-03-29,129
814380,Sekiro: Shadows Die Twice - GOTY Edition,Adventure,2026-03-30,71
814380,Sekiro: Shadows Die Twice - GOTY Edition,Adventure,2026-03-31,76
814380,Sekiro: Shadows Die Twice - GOTY Edition,Adventure,2026-04-01,63
814380,Sekiro: Shadows Die Twice - GOTY Edition,Adventure,2026-04-02,68
814380,Sekiro: Shadows Die Twice - GOTY Edition,Adventure,2026-04-03,91
814380,Sekiro: Shadows Die Twice - GOTY Edition,Adventure,2026-04-04,96
814380,Sekiro: Shadows Die Twice - GOTY Edition,Adventure,2026-04-05,89
814380,Sekiro: Shadows Die Twice - GOTY Edition,Adventure,2026-04-06,90
814380,Sekiro: Shadows Die Twice - GOTY Edition,Adventure,2026-04-07,74
814380,Sekiro: Shadows Die Twice - GOTY Edition,Adventure,2026-04-08,75
814380,Sekiro: Shadows Die Twice - GOTY Edition,Adventure,2026-04-09,48
814380,Sekiro: Shadows Die Twice - GOTY Edition,Adventure,2026-04-10,59
814380,Sekiro: Shadows Die Twice - GOTY Edition,Adventure,2026-04-11,63
892970,Valheim,RPG,2026-02-24,3
892970,Valheim,RPG,2026-02-25,132
892970,Valheim,RPG,2026-02-26,100
892970,Valheim,RPG,2026-02-27,87
892970,Valheim,RPG,2026-02-28,109
892970,Valheim,RPG,2026-03-01,113
892970,Valheim,RPG,2026-03-02,89
892970,Valheim,RPG,2026-03-03,89
892970,Valheim,RPG,2026-03-04,75
892970,Valheim,RPG,2026-03-05,79
892970,Valheim,RPG,2026-03-06,103
892970,Valheim,RPG,2026-03-07,145
892970,Valheim,RPG,2026-03-08,141
892970,Valheim,RPG,2026-03-09,114
892970,Valheim,RPG,2026-03-10,105
892970,Valheim,RPG,2026-03-11,112
892970,Valheim,RPG,2026-03-12,99
892970,Valheim,RPG,2026-03-13,113
892970,Valheim,RPG,2026-03-14,154
892970,Valheim,RPG,2026-03-15,156
892970,Valheim,RPG,2026-03-16,122
892970,Valheim,RPG,2026-03-17,108
892970,Valheim,RPG,2026-03-18,118
892970,Valheim,RPG,2026-03-19,113
892970,Valheim,RPG,2026-03-20,109
892970,Valheim,RPG,2026-03-21,162
892970,Valheim,RPG,2026-03-22,158
892970,Valheim,RPG,2026-03-23,122
892970,Valheim,RPG,2026-03-24,110
892970,Valheim,RPG,2026-03-25,125
892970,Valheim,RPG,2026-03-26,127
892970,Valheim,RPG,2026-03-27,119
892970,Valheim,RPG,2026-03-28,107
892970,Valheim,RPG,2026-03-29,127
892970,Valheim,RPG,2026-03-30,97
892970,Valheim,RPG,2026-03-31,98
892970,Valheim,RPG,2026-04-01,105
892970,Valheim,RPG,2026-04-02,79
892970,Valheim,RPG,2026-04-03,95
892970,Valheim,RPG,2026-04-04,103
892970,Valheim,RPG,2026-04-05,120
892970,Valheim,RPG,2026-04-06,104
892970,Valheim,RPG,2026-04-07,77
892970,Valheim,RPG,2026-04-08,71
892970,Valheim,RPG,2026-04-09,81
892970,Valheim,RPG,2026-04-10,81
892970,Valheim,RPG,2026-04-11,44
960090,Bloons TD 6,Strategy/Simulation,2026-02-21,80
960090,Bloons TD 6,Strategy/Simulation,2026-02-22,121
960090,Bloons TD 6,Strategy/Simulation,2026-02-23,103
960090,Bloons TD 6,Strategy/Simulation,2026-02-24,85
960090,Bloons TD 6,Strategy/Simulation,2026-02-25,83
960090,Bloons TD 6,Strategy/Simulation,2026-02-26,78
960090,Bloons TD 6,Strategy/Simulation,2026-02-27,81
960090,Bloons TD 6,Strategy/Simulation,2026-02-28,102
960090,Bloons TD 6,Strategy/Simulation,2026-03-01,90
960090,Bloons TD 6,Strategy/Simulation,2026-03-02,66
960090,Bloons TD 6,Strategy/Simulation,2026-03-03,63
960090,Bloons TD 6,Strategy/Simulation,2026-03-04,60
960090,Bloons TD 6,Strategy/Simulation,2026-03-05,74
960090,Bloons TD 6,Strategy/Simulation,2026-03-06,76
960090,Bloons TD 6,Strategy/Simulation,2026-03-07,77
960090,Bloons TD 6,Strategy/Simulation,2026-03-08,101
960090,Bloons TD 6,Strategy/Simulation,2026-03-09,92
960090,Bloons TD 6,Strategy/Simulation,2026-03-10,91
960090,Bloons TD 6,Strategy/Simulation,2026-03-11,94
960090,Bloons TD 6,Strategy/Simulation,2026-03-12,104
960090,Bloons TD 6,Strategy/Simulation,2026-03-13,110
960090,Bloons TD 6,Strategy/Simulation,2026-03-14,177
960090,Bloons TD 6,Strategy/Simulation,2026-03-15,164
960090,Bloons TD 6,Strategy/Simulation,2026-03-16,105
960090,Bloons TD 6,Strategy/Simulation,2026-03-17,92
960090,Bloons TD 6,Strategy/Simulation,2026-03-18,90
960090,Bloons TD 6,Strategy/Simulation,2026-03-19,97
960090,Bloons TD 6,Strategy/Simulation,2026-03-20,107
960090,Bloons TD 6,Strategy/Simulation,2026-03-21,110
960090,Bloons TD 6,Strategy/Simulation,2026-03-22,122
960090,Bloons TD 6,Strategy/Simulation,2026-03-23,107
960090,Bloons TD 6,Strategy/Simulation,2026-03-24,91
960090,Bloons TD 6,Strategy/Simulation,2026-03-25,96
960090,Bloons TD 6,Strategy/Simulation,2026-03-26,84
960090,Bloons TD 6,Strategy/Simulation,2026-03-27,101
960090,Bloons TD 6,Strategy/Simulation,2026-03-28,124
960090,Bloons TD 6,Strategy/Simulation,2026-03-29,93
960090,Bloons TD 6,Strategy/Simulation,2026-03-30,88
960090,Bloons TD 6,Strategy/Simulation,2026-03-31,89
960090,Bloons TD 6,Strategy/Simulation,2026-04-01,85
960090,Bloons TD 6,Strategy/Simulation,2026-04-02,72
960090,Bloons TD 6,Strategy/Simulation,2026-04-03,98
960090,Bloons TD 6,Strategy/Simulation,2026-04-04,117
960090,Bloons TD 6,Strategy/Simulation,2026-04-05,108
960090,Bloons TD 6,Strategy/Simulation,2026-04-06,106
960090,Bloons TD 6,Strategy/Simulation,2026-04-07,80
960090,Bloons TD 6,Strategy/Simulation,2026-04-08,101
960090,Bloons TD 6,Strategy/Simulation,2026-04-09,253
960090,Bloons TD 6,Strategy/Simulation,2026-04-10,100
960090,Bloons TD 6,Strategy/Simulation,2026-04-11,112
990080,Hogwarts Legacy,Adventure,2026-02-15,46
990080,Hogwarts Legacy,Adventure,2026-02-16,121
990080,Hogwarts Legacy,Adventure,2026-02-17,115
990080,Hogwarts Legacy,Adventure,2026-02-18,90
990080,Hogwarts Legacy,Adventure,2026-02-19,92
990080,Hogwarts Legacy,Adventure,2026-02-20,106
990080,Hogwarts Legacy,Adventure,2026-02-21,106
990080,Hogwarts Legacy,Adventure,2026-02-22,110
990080,Hogwarts Legacy,Adventure,2026-02-23,73
990080,Hogwarts Legacy,Adventure,2026-02-24,83
990080,Hogwarts Legacy,Adventure,2026-02-25,60
990080,Hogwarts Legacy,Adventure,2026-02-26,77
990080,Hogwarts Legacy,Adventure,2026-02-27,57
990080,Hogwarts Legacy,Adventure,2026-02-28,81
990080,Hogwarts Legacy,Adventure,2026-03-01,100
990080,Hogwarts Legacy,Adventure,2026-03-02,67
990080,Hogwarts Legacy,Adventure,2026-03-03,66
990080,Hogwarts Legacy,Adventure,2026-03-04,62
990080,Hogwarts Legacy,Adventure,2026-03-05,63
990080,Hogwarts Legacy,Adventure,2026-03-06,67
990080,Hogwarts Legacy,Adventure,2026-03-07,84
990080,Hogwarts Legacy,Adventure,2026-03-08,97
990080,Hogwarts Legacy,Adventure,2026-03-09,74
990080,Hogwarts Legacy,Adventure,2026-03-10,62
990080,Hogwarts Legacy,Adventure,2026-03-11,58
990080,Hogwarts Legacy,Adventure,2026-03-12,63
990080,Hogwarts Legacy,Adventure,2026-03-13,76
990080,Hogwarts Legacy,Adventure,2026-03-14,84
990080,Hogwarts Legacy,Adventure,2026-03-15,85
990080,Hogwarts Legacy,Adventure,2026-03-16,85
990080,Hogwarts Legacy,Adventure,2026-03-17,102
990080,Hogwarts Legacy,Adventure,2026-03-18,88
990080,Hogwarts Legacy,Adventure,2026-03-19,108
990080,Hogwarts Legacy,Adventure,2026-03-20,107
990080,Hogwarts Legacy,Adventure,2026-03-21,141
990080,Hogwarts Legacy,Adventure,2026-03-22,146
990080,Hogwarts Legacy,Adventure,2026-03-23,109
990080,Hogwarts Legacy,Adventure,2026-03-24,108
990080,Hogwarts Legacy,Adventure,2026-03-25,120
990080,Hogwarts Legacy,Adventure,2026-03-26,123
990080,Hogwarts Legacy,Adventure,2026-03-27,98
990080,Hogwarts Legacy,Adventure,2026-03-28,126
990080,Hogwarts Legacy,Adventure,2026-03-29,139
990080,Hogwarts Legacy,Adventure,2026-03-30,102
990080,Hogwarts Legacy,Adventure,2026-03-31,86
990080,Hogwarts Legacy,Adventure,2026-04-01,89
990080,Hogwarts Legacy,Adventure,2026-04-02,80
990080,Hogwarts Legacy,Adventure,2026-04-03,93
990080,Hogwarts Legacy,Adventure,2026-04-04,109
990080,Hogwarts Legacy,Adventure,2026-04-05,101
990080,Hogwarts Legacy,Adventure,2026-04-06,83
990080,Hogwarts Legacy,Adventure,2026-04-07,71
990080,Hogwarts Legacy,Adventure,2026-04-08,70
990080,Hogwarts Legacy,Adventure,2026-04-09,69
990080,Hogwarts Legacy,Adventure,2026-04-10,65
990080,Hogwarts Legacy,Adventure,2026-04-11,57
1086940,Baldur's Gate 3,RPG,2026-03-17,118
1086940,Baldur's Gate 3,RPG,2026-03-18,160
1086940,Baldur's Gate 3,RPG,2026-03-19,155
1086940,Baldur's Gate 3,RPG,2026-03-20,190
1086940,Baldur's Gate 3,RPG,2026-03-21,241
1086940,Baldur's Gate 3,RPG,2026-03-22,238
1086940,Baldur's Gate 3,RPG,2026-03-23,207
1086940,Baldur's Gate 3,RPG,2026-03-24,186
1086940,Baldur's Gate 3,RPG,2026-03-25,172
1086940,Baldur's Gate 3,RPG,2026-03-26,302
1086940,Baldur's Gate 3,RPG,2026-03-27,260
1086940,Baldur's Gate 3,RPG,2026-03-28,235
1086940,Baldur's Gate 3,RPG,2026-03-29,259
1086940,Baldur's Gate 3,RPG,2026-03-30,196
1086940,Baldur's Gate 3,RPG,2026-03-31,183
1086940,Baldur's Gate 3,RPG,2026-04-01,185
1086940,Baldur's Gate 3,RPG,2026-04-02,171
1086940,Baldur's Gate 3,RPG,2026-04-03,191
1086940,Baldur's Gate 3,RPG,2026-04-04,191
1086940,Baldur's Gate 3,RPG,2026-04-05,217
1086940,Baldur's Gate 3,RPG,2026-04-06,216
1086940,Baldur's Gate 3,RPG,2026-04-07,159
1086940,Baldur's Gate 3,RPG,2026-04-08,139
1086940,Baldur's Gate 3,RPG,2026-04-09,146
1086940,Baldur's Gate 3,RPG,2026-04-10,159
1086940,Baldur's Gate 3,RPG,2026-04-11,123
1091500,Cyberpunk 2077,RPG,2026-03-24,42
1091500,Cyberpunk 2077,RPG,2026-03-25,360
1091500,Cyberpunk 2077,RPG,2026-03-26,371
1091500,Cyberpunk 2077,RPG,2026-03-27,293
1091500,Cyberpunk 2077,RPG,2026-03-28,351
1091500,Cyberpunk 2077,RPG,2026-03-29,408
1091500,Cyberpunk 2077,RPG,2026-03-30,298
1091500,Cyberpunk 2077,RPG,2026-03-31,263
1091500,Cyberpunk 2077,RPG,2026-04-01,282
1091500,Cyberpunk 2077,RPG,2026-04-02,259
1091500,Cyberpunk 2077,RPG,2026-04-03,284
1091500,Cyberpunk 2077,RPG,2026-04-04,293
1091500,Cyberpunk 2077,RPG,2026-04-05,307
1091500,Cyberpunk 2077,RPG,2026-04-06,261
1091500,Cyberpunk 2077,RPG,2026-04-07,252
1091500,Cyberpunk 2077,RPG,2026-04-08,215
1091500,Cyberpunk 2077,RPG,2026-04-09,197
1091500,Cyberpunk 2077,RPG,2026-04-10,206
1091500,Cyberpunk 2077,RPG,2026-04-11,57
1118200,People Playground,Casual/Indie,2026-02-24,71
1118200,People Playground,Casual/Indie,2026-02-25,85
1118200,People Playground,Casual/Indie,2026-02-26,102
1118200,People Playground,Casual/Indie,2026-02-27,115
1118200,People Playground,Casual/Indie,2026-02-28,143
1118200,People Playground,Casual/Indie,2026-03-01,144
1118200,People Playground,Casual/Indie,2026-03-02,113
1118200,People Playground,Casual/Indie,2026-03-03,111
1118200,People Playground,Casual/Indie,2026-03-04,107
1118200,People Playground,Casual/Indie,2026-03-05,91
1118200,People Playground,Casual/Indie,2026-03-06,127
1118200,People Playground,Casual/Indie,2026-03-07,159
1118200,People Playground,Casual/Indie,2026-03-08,152
1118200,People Playground,Casual/Indie,2026-03-09,116
1118200,People Playground,Casual/Indie,2026-03-10,94
1118200,People Playground,Casual/Indie,2026-03-11,85
1118200,People Playground,Casual/Indie,2026-03-12,114
1118200,People Playground,Casual/Indie,2026-03-13,103
1118200,People Playground,Casual/Indie,2026-03-14,142
1118200,People Playground,Casual/Indie,2026-03-15,129
1118200,People Playground,Casual/Indie,2026-03-16,92
1118200,People Playground,Casual/Indie,2026-03-17,96
1118200,People Playground,Casual/Indie,2026-03-18,85
1118200,People Playground,Casual/Indie,2026-03-19,83
1118200,People Playground,Casual/Indie,2026-03-20,102
1118200,People Playground,Casual/Indie,2026-03-21,130
1118200,People Playground,Casual/Indie,2026-03-22,124
1118200,People Playground,Casual/Indie,2026-03-23,77
1118200,People Playground,Casual/Indie,2026-03-24,75
1118200,People Playground,Casual/Indie,2026-03-25,92
1118200,People Playground,Casual/Indie,2026-03-26,86
1118200,People Playground,Casual/Indie,2026-03-27,96
1118200,People Playground,Casual/Indie,2026-03-28,132
1118200,People Playground,Casual/Indie,2026-03-29,122
1118200,People Playground,Casual/Indie,2026-03-30,83
1118200,People Playground,Casual/Indie,2026-03-31,100
1118200,People Playground,Casual/Indie,2026-04-01,103
1118200,People Playground,Casual/Indie,2026-04-02,95
1118200,People Playground,Casual/Indie,2026-04-03,116
1118200,People Playground,Casual/Indie,2026-04-04,109
1118200,People Playground,Casual/Indie,2026-04-05,130
1118200,People Playground,Casual/Indie,2026-04-06,94
1118200,People Playground,Casual/Indie,2026-04-07,94
1118200,People Playground,Casual/Indie,2026-04-08,79
1118200,People Playground,Casual/Indie,2026-04-09,88
1118200,People Playground,Casual/Indie,2026-04-10,105
1118200,People Playground,Casual/Indie,2026-04-11,109
1144200,Ready or Not,Casual/Indie,2026-03-22,221
1144200,Ready or Not,Casual/Indie,2026-03-23,361
1144200,Ready or Not,Casual/Indie,2026-03-24,342
1144200,Ready or Not,Casual/Indie,2026-03-25,324
1144200,Ready or Not,Casual/Indie,2026-03-26,311
1144200,Ready or Not,Casual/Indie,2026-03-27,311
1144200,Ready or Not,Casual/Indie,2026-03-28,338
1144200,Ready or Not,Casual/Indie,2026-03-29,312
1144200,Ready or Not,Casual/Indie,2026-03-30,236
1144200,Ready or Not,Casual/Indie,2026-03-31,221
1144200,Ready or Not,Casual/Indie,2026-04-01,200
1144200,Ready or Not,Casual/Indie,2026-04-02,174
1144200,Ready or Not,Casual/Indie,2026-04-03,206
1144200,Ready or Not,Casual/Indie,2026-04-04,232
1144200,Ready or Not,Casual/Indie,2026-04-05,259
1144200,Ready or Not,Casual/Indie,2026-04-06,186
1144200,Ready or Not,Casual/Indie,2026-04-07,161
1144200,Ready or Not,Casual/Indie,2026-04-08,164
1144200,Ready or Not,Casual/Indie,2026-04-09,150
1144200,Ready or Not,Casual/Indie,2026-04-10,145
1144200,Ready or Not,Casual/Indie,2026-04-11,145
1145360,Hades,Casual/Indie,2026-01-16,26
1145360,Hades,Casual/Indie,2026-01-17,85
1145360,Hades,Casual/Indie,2026-01-18,88
1145360,Hades,Casual/Indie,2026-01-19,55
1145360,Hades,Casual/Indie,2026-01-20,68
1145360,Hades,Casual/Indie,2026-01-21,57
1145360,Hades,Casual/Indie,2026-01-22,57
1145360,Hades,Casual/Indie,2026-01-23,62
1145360,Hades,Casual/Indie,2026-01-24,69
1145360,Hades,Casual/Indie,2026-01-25,69
1145360,Hades,Casual/Indie,2026-01-26,49
1145360,Hades,Casual/Indie,2026-01-27,57
1145360,Hades,Casual/Indie,2026-01-28,58
1145360,Hades,Casual/Indie,2026-01-29,45
1145360,Hades,Casual/Indie,2026-01-30,44
1145360,Hades,Casual/Indie,2026-01-31,52
1145360,Hades,Casual/Indie,2026-02-01,61
1145360,Hades,Casual/Indie,2026-02-02,46
1145360,Hades,Casual/Indie,2026-02-03,54
1145360,Hades,Casual/Indie,2026-02-04,46
1145360,Hades,Casual/Indie,2026-02-05,54
1145360,Hades,Casual/Indie,2026-02-06,34
1145360,Hades,Casual/Indie,2026-02-07,63
1145360,Hades,Casual/Indie,2026-02-08,53
1145360,Hades,Casual/Indie,2026-02-09,55
1145360,Hades,Casual/Indie,2026-02-10,43
1145360,Hades,Casual/Indie,2026-02-11,47
1145360,Hades,Casual/Indie,2026-02-12,31
1145360,Hades,Casual/Indie,2026-02-13,47
1145360,Hades,Casual/Indie,2026-02-14,52
1145360,Hades,Casual/Indie,2026-02-15,45
1145360,Hades,Casual/Indie,2026-02-16,40
1145360,Hades,Casual/Indie,2026-02-17,39
1145360,Hades,Casual/Indie,2026-02-18,55
1145360,Hades,Casual/Indie,2026-02-19,64
1145360,Hades,Casual/Indie,2026-02-20,71
1145360,Hades,Casual/Indie,2026-02-21,84
1145360,Hades,Casual/Indie,2026-02-22,80
1145360,Hades,Casual/Indie,2026-02-23,78
1145360,Hades,Casual/Indie,2026-02-24,73
1145360,Hades,Casual/Indie,2026-02-25,70
1145360,Hades,Casual/Indie,2026-02-26,57
1145360,Hades,Casual/Indie,2026-02-27,67
1145360,Hades,Casual/Indie,2026-02-28,54
1145360,Hades,Casual/Indie,2026-03-01,80
1145360,Hades,Casual/Indie,2026-03-02,44
1145360,Hades,Casual/Indie,2026-03-03,46
1145360,Hades,Casual/Indie,2026-03-04,52
1145360,Hades,Casual/Indie,2026-03-05,40
1145360,Hades,Casual/Indie,2026-03-06,39
1145360,Hades,Casual/Indie,2026-03-07,57
1145360,Hades,Casual/Indie,2026-03-08,59
1145360,Hades,Casual/Indie,2026-03-09,47
1145360,Hades,Casual/Indie,2026-03-10,43
1145360,Hades,Casual/Indie,2026-03-11,44
1145360,Hades,Casual/Indie,2026-03-12,40
1145360,Hades,Casual/Indie,2026-03-13,48
1145360,Hades,Casual/Indie,2026-03-14,40
1145360,Hades,Casual/Indie,2026-03-15,56
1145360,Hades,Casual/Indie,2026-03-16,46
1145360,Hades,Casual/Indie,2026-03-17,46
1145360,Hades,Casual/Indie,2026-03-18,34
1145360,Hades,Casual/Indie,2026-03-19,38
1145360,Hades,Casual/Indie,2026-03-20,58
1145360,Hades,Casual/Indie,2026-03-21,72
1145360,Hades,Casual/Indie,2026-03-22,79
1145360,Hades,Casual/Indie,2026-03-23,85
1145360,Hades,Casual/Indie,2026-03-24,98
1145360,Hades,Casual/Indie,2026-03-25,109
1145360,Hades,Casual/Indie,2026-03-26,98
1145360,Hades,Casual/Indie,2026-03-27,82
1145360,Hades,Casual/Indie,2026-03-28,88
1145360,Hades,Casual/Indie,2026-03-29,88
1145360,Hades,Casual/Indie,2026-03-30,76
1145360,Hades,Casual/Indie,2026-03-31,64
1145360,Hades,Casual/Indie,2026-04-01,58
1145360,Hades,Casual/Indie,2026-04-02,63
1145360,Hades,Casual/Indie,2026-04-03,60
1145360,Hades,Casual/Indie,2026-04-04,66
1145360,Hades,Casual/Indie,2026-04-05,69
1145360,Hades,Casual/Indie,2026-04-06,43
1145360,Hades,Casual/Indie,2026-04-07,50
1145360,Hades,Casual/Indie,2026-04-08,48
1145360,Hades,Casual/Indie,2026-04-09,35
1145360,Hades,Casual/Indie,2026-04-10,54
1145360,Hades,Casual/Indie,2026-04-11,52
1172620,Sea of Thieves: 2025 Edition,Adventure,2026-01-03,76
1172620,Sea of Thieves: 2025 Edition,Adventure,2026-01-04,115
1172620,Sea of Thieves: 2025 Edition,Adventure,2026-01-05,105
1172620,Sea of Thieves: 2025 Edition,Adventure,2026-01-06,86
1172620,Sea of Thieves: 2025 Edition,Adventure,2026-01-07,86
1172620,Sea of Thieves: 2025 Edition,Adventure,2026-01-08,65
1172620,Sea of Thieves: 2025 Edition,Adventure,2026-01-09,77
1172620,Sea of Thieves: 2025 Edition,Adventure,2026-01-10,85
1172620,Sea of Thieves: 2025 Edition,Adventure,2026-01-11,83
1172620,Sea of Thieves: 2025 Edition,Adventure,2026-01-12,54
1172620,Sea of Thieves: 2025 Edition,Adventure,2026-01-13,45
1172620,Sea of Thieves: 2025 Edition,Adventure,2026-01-14,51
1172620,Sea of Thieves: 2025 Edition,Adventure,2026-01-15,49
1172620,Sea of Thieves: 2025 Edition,Adventure,2026-01-16,40
1172620,Sea of Thieves: 2025 Edition,Adventure,2026-01-17,66
1172620,Sea of Thieves: 2025 Edition,Adventure,2026-01-18,53
1172620,Sea of Thieves: 2025 Edition,Adventure,2026-01-19,51
1172620,Sea of Thieves: 2025 Edition,Adventure,2026-01-20,41
1172620,Sea of Thieves: 2025 Edition,Adventure,2026-01-21,35
1172620,Sea of Thieves: 2025 Edition,Adventure,2026-01-22,81
1172620,Sea of Thieves: 2025 Edition,Adventure,2026-01-23,54
1172620,Sea of Thieves: 2025 Edition,Adventure,2026-01-24,72
1172620,Sea of Thieves: 2025 Edition,Adventure,2026-01-25,59
1172620,Sea of Thieves: 2025 Edition,Adventure,2026-01-26,51
1172620,Sea of Thieves: 2025 Edition,Adventure,2026-01-27,59
1172620,Sea of Thieves: 2025 Edition,Adventure,2026-01-28,39
1172620,Sea of Thieves: 2025 Edition,Adventure,2026-01-29,34
1172620,Sea of Thieves: 2025 Edition,Adventure,2026-01-30,42
1172620,Sea of Thieves: 2025 Edition,Adventure,2026-01-31,57
1172620,Sea of Thieves: 2025 Edition,Adventure,2026-02-01,56
1172620,Sea of Thieves: 2025 Edition,Adventure,2026-02-02,31
1172620,Sea of Thieves: 2025 Edition,Adventure,2026-02-03,43
1172620,Sea of Thieves: 2025 Edition,Adventure,2026-02-04,33
1172620,Sea of Thieves: 2025 Edition,Adventure,2026-02-05,30
1172620,Sea of Thieves: 2025 Edition,Adventure,2026-02-06,32
1172620,Sea of Thieves: 2025 Edition,Adventure,2026-02-07,51
1172620,Sea of Thieves: 2025 Edition,Adventure,2026-02-08,54
1172620,Sea of Thieves: 2025 Edition,Adventure,2026-02-09,30
1172620,Sea of Thieves: 2025 Edition,Adventure,2026-02-10,25
1172620,Sea of Thieves: 2025 Edition,Adventure,2026-02-11,41
1172620,Sea of Thieves: 2025 Edition,Adventure,2026-02-12,31
1172620,Sea of Thieves: 2025 Edition,Adventure,2026-02-13,55
1172620,Sea of Thieves: 2025 Edition,Adventure,2026-02-14,55
1172620,Sea of Thieves: 2025 Edition,Adventure,2026-02-15,68
1172620,Sea of Thieves: 2025 Edition,Adventure,2026-02-16,69
1172620,Sea of Thieves: 2025 Edition,Adventure,2026-02-17,49
1172620,Sea of Thieves: 2025 Edition,Adventure,2026-02-18,51
1172620,Sea of Thieves: 2025 Edition,Adventure,2026-02-19,40
1172620,Sea of Thieves: 2025 Edition,Adventure,2026-02-20,52
1172620,Sea of Thieves: 2025 Edition,Adventure,2026-02-21,58
1172620,Sea of Thieves: 2025 Edition,Adventure,2026-02-22,57
1172620,Sea of Thieves: 2025 Edition,Adventure,2026-02-23,40
1172620,Sea of Thieves: 2025 Edition,Adventure,2026-02-24,43
1172620,Sea of Thieves: 2025 Edition,Adventure,2026-02-25,43
1172620,Sea of Thieves: 2025 Edition,Adventure,2026-02-26,36
1172620,Sea of Thieves: 2025 Edition,Adventure,2026-02-27,39
1172620,Sea of Thieves: 2025 Edition,Adventure,2026-02-28,58
1172620,Sea of Thieves: 2025 Edition,Adventure,2026-03-01,43
1172620,Sea of Thieves: 2025 Edition,Adventure,2026-03-02,38
1172620,Sea of Thieves: 2025 Edition,Adventure,2026-03-03,38
1172620,Sea of Thieves: 2025 Edition,Adventure,2026-03-04,36
1172620,Sea of Thieves: 2025 Edition,Adventure,2026-03-05,55
1172620,Sea of Thieves: 2025 Edition,Adventure,2026-03-06,41
1172620,Sea of Thieves: 2025 Edition,Adventure,2026-03-07,48
1172620,Sea of Thieves: 2025 Edition,Adventure,2026-03-08,55
1172620,Sea of Thieves: 2025 Edition,Adventure,2026-03-09,38
1172620,Sea of Thieves: 2025 Edition,Adventure,2026-03-10,22
1172620,Sea of Thieves: 2025 Edition,Adventure,2026-03-11,31
1172620,Sea of Thieves: 2025 Edition,Adventure,2026-03-12,36
1172620,Sea of Thieves: 2025 Edition,Adventure,2026-03-13,47
1172620,Sea of Thieves: 2025 Edition,Adventure,2026-03-14,52
1172620,Sea of Thieves: 2025 Edition,Adventure,2026-03-15,58
1172620,Sea of Thieves: 2025 Edition,Adventure,2026-03-16,44
1172620,Sea of Thieves: 2025 Edition,Adventure,2026-03-17,30
1172620,Sea of Thieves: 2025 Edition,Adventure,2026-03-18,28
1172620,Sea of Thieves: 2025 Edition,Adventure,2026-03-19,38
1172620,Sea of Thieves: 2025 Edition,Adventure,2026-03-20,51
1172620,Sea of Thieves: 2025 Edition,Adventure,2026-03-21,52
1172620,Sea of Thieves: 2025 Edition,Adventure,2026-03-22,69
1172620,Sea of Thieves: 2025 Edition,Adventure,2026-03-23,55
1172620,Sea of Thieves: 2025 Edition,Adventure,2026-03-24,42
1172620,Sea of Thieves: 2025 Edition,Adventure,2026-03-25,55
1172620,Sea of Thieves: 2025 Edition,Adventure,2026-03-26,50
1172620,Sea of Thieves: 2025 Edition,Adventure,2026-03-27,65
1172620,Sea of Thieves: 2025 Edition,Adventure,2026-03-28,60
1172620,Sea of Thieves: 2025 Edition,Adventure,2026-03-29,78
1172620,Sea of Thieves: 2025 Edition,Adventure,2026-03-30,54
1172620,Sea of Thieves: 2025 Edition,Adventure,2026-03-31,54
1172620,Sea of Thieves: 2025 Edition,Adventure,2026-04-01,32
1172620,Sea of Thieves: 2025 Edition,Adventure,2026-04-02,39
1172620,Sea of Thieves: 2025 Edition,Adventure,2026-04-03,45
1172620,Sea of Thieves: 2025 Edition,Adventure,2026-04-04,49
1172620,Sea of Thieves: 2025 Edition,Adventure,2026-04-05,37
1172620,Sea of Thieves: 2025 Edition,Adventure,2026-04-06,40
1172620,Sea of Thieves: 2025 Edition,Adventure,2026-04-07,63
1172620,Sea of Thieves: 2025 Edition,Adventure,2026-04-08,44
1172620,Sea of Thieves: 2025 Edition,Adventure,2026-04-09,42
1172620,Sea of Thieves: 2025 Edition,Adventure,2026-04-10,39
1172620,Sea of Thieves: 2025 Edition,Adventure,2026-04-11,25
1174180,Red Dead Redemption 2,Action,2026-04-02,63
1174180,Red Dead Redemption 2,Action,2026-04-03,608
1174180,Red Dead Redemption 2,Action,2026-04-04,572
1174180,Red Dead Redemption 2,Action,2026-04-05,643
1174180,Red Dead Redemption 2,Action,2026-04-06,653
1174180,Red Dead Redemption 2,Action,2026-04-07,577
1174180,Red Dead Redemption 2,Action,2026-04-08,496
1174180,Red Dead Redemption 2,Action,2026-04-09,481
1174180,Red Dead Redemption 2,Action,2026-04-10,475
1174180,Red Dead Redemption 2,Action,2026-04-11,432
1245620,ELDEN RING,Action,2026-03-24,162
1245620,ELDEN RING,Action,2026-03-25,282
1245620,ELDEN RING,Action,2026-03-26,289
1245620,ELDEN RING,Action,2026-03-27,294
1245620,ELDEN RING,Action,2026-03-28,339
1245620,ELDEN RING,Action,2026-03-29,330
1245620,ELDEN RING,Action,2026-03-30,268
1245620,ELDEN RING,Action,2026-03-31,284
1245620,ELDEN RING,Action,2026-04-01,236
1245620,ELDEN RING,Action,2026-04-02,243
1245620,ELDEN RING,Action,2026-04-03,263
1245620,ELDEN RING,Action,2026-04-04,291
1245620,ELDEN RING,Action,2026-04-05,313
1245620,ELDEN RING,Action,2026-04-06,257
1245620,ELDEN RING,Action,2026-04-07,243
1245620,ELDEN RING,Action,2026-04-08,239
1245620,ELDEN RING,Action,2026-04-09,212
1245620,ELDEN RING,Action,2026-04-10,230
1245620,ELDEN RING,Action,2026-04-11,225
1326470,Sons Of The Forest,Casual/Indie,2026-03-20,155
1326470,Sons Of The Forest,Casual/Indie,2026-03-21,276
1326470,Sons Of The Forest,Casual/Indie,2026-03-22,321
1326470,Sons Of The Forest,Casual/Indie,2026-03-23,269
1326470,Sons Of The Forest,Casual/Indie,2026-03-24,300
1326470,Sons Of The Forest,Casual/Indie,2026-03-25,270
1326470,Sons Of The Forest,Casual/Indie,2026-03-26,279
1326470,Sons Of The Forest,Casual/Indie,2026-03-27,293
1326470,Sons Of The Forest,Casual/Indie,2026-03-28,330
1326470,Sons Of The Forest,Casual/Indie,2026-03-29,307
1326470,Sons Of The Forest,Casual/Indie,2026-03-30,221
1326470,Sons Of The Forest,Casual/Indie,2026-03-31,195
1326470,Sons Of The Forest,Casual/Indie,2026-04-01,208
1326470,Sons Of The Forest,Casual/Indie,2026-04-02,207
1326470,Sons Of The Forest,Casual/Indie,2026-04-03,206
1326470,Sons Of The Forest,Casual/Indie,2026-04-04,174
1326470,Sons Of The Forest,Casual/Indie,2026-04-05,197
1326470,Sons Of The Forest,Casual/Indie,2026-04-06,177
1326470,Sons Of The Forest,Casual/Indie,2026-04-07,117
1326470,Sons Of The Forest,Casual/Indie,2026-04-08,118
1326470,Sons Of The Forest,Casual/Indie,2026-04-09,128
1326470,Sons Of The Forest,Casual/Indie,2026-04-10,147
1326470,Sons Of The Forest,Casual/Indie,2026-04-11,105
1468810,鬼谷八荒 Tale of Immortal,Casual/Indie,2025-02-18,12
1468810,鬼谷八荒 Tale of Immortal,Casual/Indie,2025-02-19,16
1468810,鬼谷八荒 Tale of Immortal,Casual/Indie,2025-02-20,13
1468810,鬼谷八荒 Tale of Immortal,Casual/Indie,2025-02-21,11
1468810,鬼谷八荒 Tale of Immortal,Casual/Indie,2025-02-22,22
1468810,鬼谷八荒 Tale of Immortal,Casual/Indie,2025-02-23,20
1468810,鬼谷八荒 Tale of Immortal,Casual/Indie,2025-02-24,21
1468810,鬼谷八荒 Tale of Immortal,Casual/Indie,2025-02-25,9
1468810,鬼谷八荒 Tale of Immortal,Casual/Indie,2025-02-26,13
1468810,鬼谷八荒 Tale of Immortal,Casual/Indie,2025-02-27,16
1468810,鬼谷八荒 Tale of Immortal,Casual/Indie,2025-02-28,14
1468810,鬼谷八荒 Tale of Immortal,Casual/Indie,2025-03-01,17
1468810,鬼谷八荒 Tale of Immortal,Casual/Indie,2025-03-02,19
1468810,鬼谷八荒 Tale of Immortal,Casual/Indie,2025-03-03,10
1468810,鬼谷八荒 Tale of Immortal,Casual/Indie,2025-03-04,13
1468810,鬼谷八荒 Tale of Immortal,Casual/Indie,2025-03-05,14
1468810,鬼谷八荒 Tale of Immortal,Casual/Indie,2025-03-06,13
1468810,鬼谷八荒 Tale of Immortal,Casual/Indie,2025-03-07,20
1468810,鬼谷八荒 Tale of Immortal,Casual/Indie,2025-03-08,11
1468810,鬼谷八荒 Tale of Immortal,Casual/Indie,2025-03-09,15
1468810,鬼谷八荒 Tale of Immortal,Casual/Indie,2025-03-10,8
1468810,鬼谷八荒 Tale of Immortal,Casual/Indie,2025-03-11,9
1468810,鬼谷八荒 Tale of Immortal,Casual/Indie,2025-03-12,10
1468810,鬼谷八荒 Tale of Immortal,Casual/Indie,2025-03-13,10
1468810,鬼谷八荒 Tale of Immortal,Casual/Indie,2025-03-14,15
1468810,鬼谷八荒 Tale of Immortal,Casual/Indie,2025-03-15,15
1468810,鬼谷八荒 Tale of Immortal,Casual/Indie,2025-03-16,18
1468810,鬼谷八荒 Tale of Immortal,Casual/Indie,2025-03-17,9
1468810,鬼谷八荒 Tale of Immortal,Casual/Indie,2025-03-18,20
1468810,鬼谷八荒 Tale of Immortal,Casual/Indie,2025-03-19,21
1468810,鬼谷八荒 Tale of Immortal,Casual/Indie,2025-03-20,13
1468810,鬼谷八荒 Tale of Immortal,Casual/Indie,2025-03-21,11
1468810,鬼谷八荒 Tale of Immortal,Casual/Indie,2025-03-22,17
1468810,鬼谷八荒 Tale of Immortal,Casual/Indie,2025-03-23,15
1468810,鬼谷八荒 Tale of Immortal,Casual/Indie,2025-03-24,25
1468810,鬼谷八荒 Tale of Immortal,Casual/Indie,2025-03-25,11
1468810,鬼谷八荒 Tale of Immortal,Casual/Indie,2025-03-26,12
1468810,鬼谷八荒 Tale of Immortal,Casual/Indie,2025-03-27,9
1468810,鬼谷八荒 Tale of Immortal,Casual/Indie,2025-03-28,14
1468810,鬼谷八荒 Tale of Immortal,Casual/Indie,2025-03-29,19
1468810,鬼谷八荒 Tale of Immortal,Casual/Indie,2025-03-30,14
1468810,鬼谷八荒 Tale of Immortal,Casual/Indie,2025-03-31,15
1468810,鬼谷八荒 Tale of Immortal,Casual/Indie,2025-04-01,7
1468810,鬼谷八荒 Tale of Immortal,Casual/Indie,2025-04-02,7
1468810,鬼谷八荒 Tale of Immortal,Casual/Indie,2025-04-03,10
1468810,鬼谷八荒 Tale of Immortal,Casual/Indie,2025-04-04,14
1468810,鬼谷八荒 Tale of Immortal,Casual/Indie,2025-04-05,19
1468810,鬼谷八荒 Tale of Immortal,Casual/Indie,2025-04-06,16
1468810,鬼谷八荒 Tale of Immortal,Casual/Indie,2025-04-07,13
1468810,鬼谷八荒 Tale of Immortal,Casual/Indie,2025-04-08,9
1468810,鬼谷八荒 Tale of Immortal,Casual/Indie,2025-04-09,13
1468810,鬼谷八荒 Tale of Immortal,Casual/Indie,2025-04-10,10
1468810,鬼谷八荒 Tale of Immortal,Casual/Indie,2025-04-11,12
1468810,鬼谷八荒 Tale of Immortal,Casual/Indie,2025-04-12,15
1468810,鬼谷八荒 Tale of Immortal,Casual/Indie,2025-04-13,13
1468810,鬼谷八荒 Tale of Immortal,Casual/Indie,2025-04-14,9
1468810,鬼谷八荒 Tale of Immortal,Casual/Indie,2025-04-15,8
1468810,鬼谷八荒 Tale of Immortal,Casual/Indie,2025-04-16,9
1468810,鬼谷八荒 Tale of Immortal,Casual/Indie,2025-04-17,8
1468810,鬼谷八荒 Tale of Immortal,Casual/Indie,2025-04-18,13
1468810,鬼谷八荒 Tale of Immortal,Casual/Indie,2025-04-19,13
1468810,鬼谷八荒 Tale of Immortal,Casual/Indie,2025-04-20,20
1468810,鬼谷八荒 Tale of Immortal,Casual/Indie,2025-04-21,11
1468810,鬼谷八荒 Tale of Immortal,Casual/Indie,2025-04-22,8
1468810,鬼谷八荒 Tale of Immortal,Casual/Indie,2025-04-23,5
1468810,鬼谷八荒 Tale of Immortal,Casual/Indie,2025-04-24,8
1468810,鬼谷八荒 Tale of Immortal,Casual/Indie,2025-04-25,12
1468810,鬼谷八荒 Tale of Immortal,Casual/Indie,2025-04-26,14
1468810,鬼谷八荒 Tale of Immortal,Casual/Indie,2025-04-27,12
1468810,鬼谷八荒 Tale of Immortal,Casual/Indie,2025-04-28,9
1468810,鬼谷八荒 Tale of Immortal,Casual/Indie,2025-04-29,13
1468810,鬼谷八荒 Tale of Immortal,Casual/Indie,2025-04-30,6
1468810,鬼谷八荒 Tale of Immortal,Casual/Indie,2025-05-01,9
1468810,鬼谷八荒 Tale of Immortal,Casual/Indie,2025-05-02,11
1468810,鬼谷八荒 Tale of Immortal,Casual/Indie,2025-05-03,5
1468810,鬼谷八荒 Tale of Immortal,Casual/Indie,2025-05-04,14
1468810,鬼谷八荒 Tale of Immortal,Casual/Indie,2025-05-05,11
1468810,鬼谷八荒 Tale of Immortal,Casual/Indie,2025-05-06,3
1468810,鬼谷八荒 Tale of Immortal,Casual/Indie,2025-05-07,5
1468810,鬼谷八荒 Tale of Immortal,Casual/Indie,2025-05-08,6
1468810,鬼谷八荒 Tale of Immortal,Casual/Indie,2025-05-09,10
1468810,鬼谷八荒 Tale of Immortal,Casual/Indie,2025-05-10,8
1468810,鬼谷八荒 Tale of Immortal,Casual/Indie,2025-05-11,10
1468810,鬼谷八荒 Tale of Immortal,Casual/Indie,2025-05-12,9
1468810,鬼谷八荒 Tale of Immortal,Casual/Indie,2025-05-13,6
1468810,鬼谷八荒 Tale of Immortal,Casual/Indie,2025-05-14,8
1468810,鬼谷八荒 Tale of Immortal,Casual/Indie,2025-05-15,4
1468810,鬼谷八荒 Tale of Immortal,Casual/Indie,2025-05-16,14
1468810,鬼谷八荒 Tale of Immortal,Casual/Indie,2025-05-17,15
1468810,鬼谷八荒 Tale of Immortal,Casual/Indie,2025-05-18,12
1468810,鬼谷八荒 Tale of Immortal,Casual/Indie,2025-05-19,11
1468810,鬼谷八荒 Tale of Immortal,Casual/Indie,2025-05-20,9
1468810,鬼谷八荒 Tale of Immortal,Casual/Indie,2025-05-21,5
1468810,鬼谷八荒 Tale of Immortal,Casual/Indie,2025-05-22,10
1468810,鬼谷八荒 Tale of Immortal,Casual/Indie,2025-05-23,15
1468810,鬼谷八荒 Tale of Immortal,Casual/Indie,2025-05-24,15
1468810,鬼谷八荒 Tale of Immortal,Casual/Indie,2025-05-25,13
1468810,鬼谷八荒 Tale of Immortal,Casual/Indie,2025-05-26,13
1468810,鬼谷八荒 Tale of Immortal,Casual/Indie,2025-05-27,10
1468810,鬼谷八荒 Tale of Immortal,Casual/Indie,2025-05-28,17
1468810,鬼谷八荒 Tale of Immortal,Casual/Indie,2025-05-29,15
1468810,鬼谷八荒 Tale of Immortal,Casual/Indie,2025-05-30,8
1468810,鬼谷八荒 Tale of Immortal,Casual/Indie,2025-05-31,12
1468810,鬼谷八荒 Tale of Immortal,Casual/Indie,2025-06-01,9
1468810,鬼谷八荒 Tale of Immortal,Casual/Indie,2025-06-02,10
1468810,鬼谷八荒 Tale of Immortal,Casual/Indie,2025-06-03,6
1468810,鬼谷八荒 Tale of Immortal,Casual/Indie,2025-06-04,17
1468810,鬼谷八荒 Tale of Immortal,Casual/Indie,2025-06-05,8
1468810,鬼谷八荒 Tale of Immortal,Casual/Indie,2025-06-06,11
1468810,鬼谷八荒 Tale of Immortal,Casual/Indie,2025-06-07,9
1468810,鬼谷八荒 Tale of Immortal,Casual/Indie,2025-06-08,19
1468810,鬼谷八荒 Tale of Immortal,Casual/Indie,2025-06-09,9
1468810,鬼谷八荒 Tale of Immortal,Casual/Indie,2025-06-10,2
1468810,鬼谷八荒 Tale of Immortal,Casual/Indie,2025-06-11,10
1468810,鬼谷八荒 Tale of Immortal,Casual/Indie,2025-06-12,9
1468810,鬼谷八荒 Tale of Immortal,Casual/Indie,2025-06-13,13
1468810,鬼谷八荒 Tale of Immortal,Casual/Indie,2025-06-14,12
1468810,鬼谷八荒 Tale of Immortal,Casual/Indie,2025-06-15,14
1468810,鬼谷八荒 Tale of Immortal,Casual/Indie,2025-06-16,16
1468810,鬼谷八荒 Tale of Immortal,Casual/Indie,2025-06-17,7
1468810,鬼谷八荒 Tale of Immortal,Casual/Indie,2025-06-18,16
1468810,鬼谷八荒 Tale of Immortal,Casual/Indie,2025-06-19,11
1468810,鬼谷八荒 Tale of Immortal,Casual/Indie,2025-06-20,22
1468810,鬼谷八荒 Tale of Immortal,Casual/Indie,2025-06-21,10
1468810,鬼谷八荒 Tale of Immortal,Casual/Indie,2025-06-22,12
1468810,鬼谷八荒 Tale of Immortal,Casual/Indie,2025-06-23,16
1468810,鬼谷八荒 Tale of Immortal,Casual/Indie,2025-06-24,6
1468810,鬼谷八荒 Tale of Immortal,Casual/Indie,2025-06-25,11
1468810,鬼谷八荒 Tale of Immortal,Casual/Indie,2025-06-26,5
1468810,鬼谷八荒 Tale of Immortal,Casual/Indie,2025-06-27,11
1468810,鬼谷八荒 Tale of Immortal,Casual/Indie,2025-06-28,12
1468810,鬼谷八荒 Tale of Immortal,Casual/Indie,2025-06-29,13
1468810,鬼谷八荒 Tale of Immortal,Casual/Indie,2025-06-30,15
1468810,鬼谷八荒 Tale of Immortal,Casual/Indie,2025-07-01,16
1468810,鬼谷八荒 Tale of Immortal,Casual/Indie,2025-07-02,10
1468810,鬼谷八荒 Tale of Immortal,Casual/Indie,2025-07-03,12
1468810,鬼谷八荒 Tale of Immortal,Casual/Indie,2025-07-04,17
1468810,鬼谷八荒 Tale of Immortal,Casual/Indie,2025-07-05,10
1468810,鬼谷八荒 Tale of Immortal,Casual/Indie,2025-07-06,13
1468810,鬼谷八荒 Tale of Immortal,Casual/Indie,2025-07-07,8
1468810,鬼谷八荒 Tale of Immortal,Casual/Indie,2025-07-08,16
1468810,鬼谷八荒 Tale of Immortal,Casual/Indie,2025-07-09,11
1468810,鬼谷八荒 Tale of Immortal,Casual/Indie,2025-07-10,14
1468810,鬼谷八荒 Tale of Immortal,Casual/Indie,2025-07-11,19
1468810,鬼谷八荒 Tale of Immortal,Casual/Indie,2025-07-12,14
1468810,鬼谷八荒 Tale of Immortal,Casual/Indie,2025-07-13,11
1468810,鬼谷八荒 Tale of Immortal,Casual/Indie,2025-07-14,9
1468810,鬼谷八荒 Tale of Immortal,Casual/Indie,2025-07-15,11
1468810,鬼谷八荒 Tale of Immortal,Casual/Indie,2025-07-16,23
1468810,鬼谷八荒 Tale of Immortal,Casual/Indie,2025-07-17,12
1468810,鬼谷八荒 Tale of Immortal,Casual/Indie,2025-07-18,11
1468810,鬼谷八荒 Tale of Immortal,Casual/Indie,2025-07-19,11
1468810,鬼谷八荒 Tale of Immortal,Casual/Indie,2025-07-20,10
1468810,鬼谷八荒 Tale of Immortal,Casual/Indie,2025-07-21,5
1468810,鬼谷八荒 Tale of Immortal,Casual/Indie,2025-07-22,15
1468810,鬼谷八荒 Tale of Immortal,Casual/Indie,2025-07-23,11
1468810,鬼谷八荒 Tale of Immortal,Casual/Indie,2025-07-24,19
1468810,鬼谷八荒 Tale of Immortal,Casual/Indie,2025-07-25,13
1468810,鬼谷八荒 Tale of Immortal,Casual/Indie,2025-07-26,11
1468810,鬼谷八荒 Tale of Immortal,Casual/Indie,2025-07-27,20
1468810,鬼谷八荒 Tale of Immortal,Casual/Indie,2025-07-28,18
1468810,鬼谷八荒 Tale of Immortal,Casual/Indie,2025-07-29,13
1468810,鬼谷八荒 Tale of Immortal,Casual/Indie,2025-07-30,13
1468810,鬼谷八荒 Tale of Immortal,Casual/Indie,2025-07-31,11
1468810,鬼谷八荒 Tale of Immortal,Casual/Indie,2025-08-01,18
1468810,鬼谷八荒 Tale of Immortal,Casual/Indie,2025-08-02,11
1468810,鬼谷八荒 Tale of Immortal,Casual/Indie,2025-08-03,15
1468810,鬼谷八荒 Tale of Immortal,Casual/Indie,2025-08-04,14
1468810,鬼谷八荒 Tale of Immortal,Casual/Indie,2025-08-05,11
1468810,鬼谷八荒 Tale of Immortal,Casual/Indie,2025-08-06,15
1468810,鬼谷八荒 Tale of Immortal,Casual/Indie,2025-08-07,8
1468810,鬼谷八荒 Tale of Immortal,Casual/Indie,2025-08-08,12
1468810,鬼谷八荒 Tale of Immortal,Casual/Indie,2025-08-09,12
1468810,鬼谷八荒 Tale of Immortal,Casual/Indie,2025-08-10,10
1468810,鬼谷八荒 Tale of Immortal,Casual/Indie,2025-08-11,7
1468810,鬼谷八荒 Tale of Immortal,Casual/Indie,2025-08-12,20
1468810,鬼谷八荒 Tale of Immortal,Casual/Indie,2025-08-13,13
1468810,鬼谷八荒 Tale of Immortal,Casual/Indie,2025-08-14,14
1468810,鬼谷八荒 Tale of Immortal,Casual/Indie,2025-08-15,7
1468810,鬼谷八荒 Tale of Immortal,Casual/Indie,2025-08-16,14
1468810,鬼谷八荒 Tale of Immortal,Casual/Indie,2025-08-17,20
1468810,鬼谷八荒 Tale of Immortal,Casual/Indie,2025-08-18,11
1468810,鬼谷八荒 Tale of Immortal,Casual/Indie,2025-08-19,18
1468810,鬼谷八荒 Tale of Immortal,Casual/Indie,2025-08-20,16
1468810,鬼谷八荒 Tale of Immortal,Casual/Indie,2025-08-21,11
1468810,鬼谷八荒 Tale of Immortal,Casual/Indie,2025-08-22,18
1468810,鬼谷八荒 Tale of Immortal,Casual/Indie,2025-08-23,16
1468810,鬼谷八荒 Tale of Immortal,Casual/Indie,2025-08-24,10
1468810,鬼谷八荒 Tale of Immortal,Casual/Indie,2025-08-25,7
1468810,鬼谷八荒 Tale of Immortal,Casual/Indie,2025-08-26,9
1468810,鬼谷八荒 Tale of Immortal,Casual/Indie,2025-08-27,14
1468810,鬼谷八荒 Tale of Immortal,Casual/Indie,2025-08-28,5
1468810,鬼谷八荒 Tale of Immortal,Casual/Indie,2025-08-29,13
1468810,鬼谷八荒 Tale of Immortal,Casual/Indie,2025-08-30,11
1468810,鬼谷八荒 Tale of Immortal,Casual/Indie,2025-08-31,10
1468810,鬼谷八荒 Tale of Immortal,Casual/Indie,2025-09-01,18
1468810,鬼谷八荒 Tale of Immortal,Casual/Indie,2025-09-02,10
1468810,鬼谷八荒 Tale of Immortal,Casual/Indie,2025-09-03,8
1468810,鬼谷八荒 Tale of Immortal,Casual/Indie,2025-09-04,9
1468810,鬼谷八荒 Tale of Immortal,Casual/Indie,2025-09-05,7
1468810,鬼谷八荒 Tale of Immortal,Casual/Indie,2025-09-06,4
1468810,鬼谷八荒 Tale of Immortal,Casual/Indie,2025-09-07,11
1468810,鬼谷八荒 Tale of Immortal,Casual/Indie,2025-09-08,11
1468810,鬼谷八荒 Tale of Immortal,Casual/Indie,2025-09-09,8
1468810,鬼谷八荒 Tale of Immortal,Casual/Indie,2025-09-10,9
1468810,鬼谷八荒 Tale of Immortal,Casual/Indie,2025-09-11,5
1468810,鬼谷八荒 Tale of Immortal,Casual/Indie,2025-09-12,9
1468810,鬼谷八荒 Tale of Immortal,Casual/Indie,2025-09-13,13
1468810,鬼谷八荒 Tale of Immortal,Casual/Indie,2025-09-14,9
1468810,鬼谷八荒 Tale of Immortal,Casual/Indie,2025-09-15,9
1468810,鬼谷八荒 Tale of Immortal,Casual/Indie,2025-09-16,4
1468810,鬼谷八荒 Tale of Immortal,Casual/Indie,2025-09-17,7
1468810,鬼谷八荒 Tale of Immortal,Casual/Indie,2025-09-18,9
1468810,鬼谷八荒 Tale of Immortal,Casual/Indie,2025-09-19,10
1468810,鬼谷八荒 Tale of Immortal,Casual/Indie,2025-09-20,13
1468810,鬼谷八荒 Tale of Immortal,Casual/Indie,2025-09-21,11
1468810,鬼谷八荒 Tale of Immortal,Casual/Indie,2025-09-22,4
1468810,鬼谷八荒 Tale of Immortal,Casual/Indie,2025-09-23,13
1468810,鬼谷八荒 Tale of Immortal,Casual/Indie,2025-09-24,5
1468810,鬼谷八荒 Tale of Immortal,Casual/Indie,2025-09-25,9
1468810,鬼谷八荒 Tale of Immortal,Casual/Indie,2025-09-26,5
1468810,鬼谷八荒 Tale of Immortal,Casual/Indie,2025-09-27,12
1468810,鬼谷八荒 Tale of Immortal,Casual/Indie,2025-09-28,11
1468810,鬼谷八荒 Tale of Immortal,Casual/Indie,2025-09-29,10
1468810,鬼谷八荒 Tale of Immortal,Casual/Indie,2025-09-30,15
1468810,鬼谷八荒 Tale of Immortal,Casual/Indie,2025-10-01,13
1468810,鬼谷八荒 Tale of Immortal,Casual/Indie,2025-10-02,14
1468810,鬼谷八荒 Tale of Immortal,Casual/Indie,2025-10-03,6
1468810,鬼谷八荒 Tale of Immortal,Casual/Indie,2025-10-04,5
1468810,鬼谷八荒 Tale of Immortal,Casual/Indie,2025-10-05,15
1468810,鬼谷八荒 Tale of Immortal,Casual/Indie,2025-10-06,21
1468810,鬼谷八荒 Tale of Immortal,Casual/Indie,2025-10-07,14
1468810,鬼谷八荒 Tale of Immortal,Casual/Indie,2025-10-08,12
1468810,鬼谷八荒 Tale of Immortal,Casual/Indie,2025-10-09,7
1468810,鬼谷八荒 Tale of Immortal,Casual/Indie,2025-10-10,8
1468810,鬼谷八荒 Tale of Immortal,Casual/Indie,2025-10-11,14
1468810,鬼谷八荒 Tale of Immortal,Casual/Indie,2025-10-12,11
1468810,鬼谷八荒 Tale of Immortal,Casual/Indie,2025-10-13,11
1468810,鬼谷八荒 Tale of Immortal,Casual/Indie,2025-10-14,15
1468810,鬼谷八荒 Tale of Immortal,Casual/Indie,2025-10-15,8
1468810,鬼谷八荒 Tale of Immortal,Casual/Indie,2025-10-16,6
1468810,鬼谷八荒 Tale of Immortal,Casual/Indie,2025-10-17,11
1468810,鬼谷八荒 Tale of Immortal,Casual/Indie,2025-10-18,9
1468810,鬼谷八荒 Tale of Immortal,Casual/Indie,2025-10-19,16
1468810,鬼谷八荒 Tale of Immortal,Casual/Indie,2025-10-20,11
1468810,鬼谷八荒 Tale of Immortal,Casual/Indie,2025-10-21,6
1468810,鬼谷八荒 Tale of Immortal,Casual/Indie,2025-10-22,5
1468810,鬼谷八荒 Tale of Immortal,Casual/Indie,2025-10-23,9
1468810,鬼谷八荒 Tale of Immortal,Casual/Indie,2025-10-24,2
1468810,鬼谷八荒 Tale of Immortal,Casual/Indie,2025-10-25,12
1468810,鬼谷八荒 Tale of Immortal,Casual/Indie,2025-10-26,9
1468810,鬼谷八荒 Tale of Immortal,Casual/Indie,2025-10-27,7
1468810,鬼谷八荒 Tale of Immortal,Casual/Indie,2025-10-28,10
1468810,鬼谷八荒 Tale of Immortal,Casual/Indie,2025-10-29,11
1468810,鬼谷八荒 Tale of Immortal,Casual/Indie,2025-10-30,5
1468810,鬼谷八荒 Tale of Immortal,Casual/Indie,2025-10-31,8
1468810,鬼谷八荒 Tale of Immortal,Casual/Indie,2025-11-01,4
1468810,鬼谷八荒 Tale of Immortal,Casual/Indie,2025-11-02,5
1468810,鬼谷八荒 Tale of Immortal,Casual/Indie,2025-11-03,7
1468810,鬼谷八荒 Tale of Immortal,Casual/Indie,2025-11-04,10
1468810,鬼谷八荒 Tale of Immortal,Casual/Indie,2025-11-05,4
1468810,鬼谷八荒 Tale of Immortal,Casual/Indie,2025-11-06,13
1468810,鬼谷八荒 Tale of Immortal,Casual/Indie,2025-11-07,5
1468810,鬼谷八荒 Tale of Immortal,Casual/Indie,2025-11-08,8
1468810,鬼谷八荒 Tale of Immortal,Casual/Indie,2025-11-09,11
1468810,鬼谷八荒 Tale of Immortal,Casual/Indie,2025-11-10,8
1468810,鬼谷八荒 Tale of Immortal,Casual/Indie,2025-11-11,10
1468810,鬼谷八荒 Tale of Immortal,Casual/Indie,2025-11-12,4
1468810,鬼谷八荒 Tale of Immortal,Casual/Indie,2025-11-13,6
1468810,鬼谷八荒 Tale of Immortal,Casual/Indie,2025-11-14,7
1468810,鬼谷八荒 Tale of Immortal,Casual/Indie,2025-11-15,5
1468810,鬼谷八荒 Tale of Immortal,Casual/Indie,2025-11-16,11
1468810,鬼谷八荒 Tale of Immortal,Casual/Indie,2025-11-17,8
1468810,鬼谷八荒 Tale of Immortal,Casual/Indie,2025-11-18,10
1468810,鬼谷八荒 Tale of Immortal,Casual/Indie,2025-11-19,4
1468810,鬼谷八荒 Tale of Immortal,Casual/Indie,2025-11-20,12
1468810,鬼谷八荒 Tale of Immortal,Casual/Indie,2025-11-21,3
1468810,鬼谷八荒 Tale of Immortal,Casual/Indie,2025-11-22,9
1468810,鬼谷八荒 Tale of Immortal,Casual/Indie,2025-11-23,10
1468810,鬼谷八荒 Tale of Immortal,Casual/Indie,2025-11-24,10
1468810,鬼谷八荒 Tale of Immortal,Casual/Indie,2025-11-25,57
1468810,鬼谷八荒 Tale of Immortal,Casual/Indie,2025-11-26,50
1468810,鬼谷八荒 Tale of Immortal,Casual/Indie,2025-11-27,30
1468810,鬼谷八荒 Tale of Immortal,Casual/Indie,2025-11-28,19
1468810,鬼谷八荒 Tale of Immortal,Casual/Indie,2025-11-29,38
1468810,鬼谷八荒 Tale of Immortal,Casual/Indie,2025-11-30,32
1468810,鬼谷八荒 Tale of Immortal,Casual/Indie,2025-12-01,13
1468810,鬼谷八荒 Tale of Immortal,Casual/Indie,2025-12-02,5
1468810,鬼谷八荒 Tale of Immortal,Casual/Indie,2025-12-03,3
1468810,鬼谷八荒 Tale of Immortal,Casual/Indie,2025-12-04,3
1468810,鬼谷八荒 Tale of Immortal,Casual/Indie,2025-12-05,4
1468810,鬼谷八荒 Tale of Immortal,Casual/Indie,2025-12-06,9
1468810,鬼谷八荒 Tale of Immortal,Casual/Indie,2025-12-07,11
1468810,鬼谷八荒 Tale of Immortal,Casual/Indie,2025-12-08,8
1468810,鬼谷八荒 Tale of Immortal,Casual/Indie,2025-12-09,17
1468810,鬼谷八荒 Tale of Immortal,Casual/Indie,2025-12-10,12
1468810,鬼谷八荒 Tale of Immortal,Casual/Indie,2025-12-11,8
1468810,鬼谷八荒 Tale of Immortal,Casual/Indie,2025-12-12,14
1468810,鬼谷八荒 Tale of Immortal,Casual/Indie,2025-12-13,9
1468810,鬼谷八荒 Tale of Immortal,Casual/Indie,2025-12-14,11
1468810,鬼谷八荒 Tale of Immortal,Casual/Indie,2025-12-15,8
1468810,鬼谷八荒 Tale of Immortal,Casual/Indie,2025-12-16,5
1468810,鬼谷八荒 Tale of Immortal,Casual/Indie,2025-12-17,8
1468810,鬼谷八荒 Tale of Immortal,Casual/Indie,2025-12-18,3
1468810,鬼谷八荒 Tale of Immortal,Casual/Indie,2025-12-19,7
1468810,鬼谷八荒 Tale of Immortal,Casual/Indie,2025-12-20,15
1468810,鬼谷八荒 Tale of Immortal,Casual/Indie,2025-12-21,12
1468810,鬼谷八荒 Tale of Immortal,Casual/Indie,2025-12-22,5
1468810,鬼谷八荒 Tale of Immortal,Casual/Indie,2025-12-23,7
1468810,鬼谷八荒 Tale of Immortal,Casual/Indie,2025-12-24,11
1468810,鬼谷八荒 Tale of Immortal,Casual/Indie,2025-12-25,6
1468810,鬼谷八荒 Tale of Immortal,Casual/Indie,2025-12-26,10
1468810,鬼谷八荒 Tale of Immortal,Casual/Indie,2025-12-27,16
1468810,鬼谷八荒 Tale of Immortal,Casual/Indie,2025-12-28,10
1468810,鬼谷八荒 Tale of Immortal,Casual/Indie,2025-12-29,14
1468810,鬼谷八荒 Tale of Immortal,Casual/Indie,2025-12-30,6
1468810,鬼谷八荒 Tale of Immortal,Casual/Indie,2025-12-31,11
1468810,鬼谷八荒 Tale of Immortal,Casual/Indie,2026-01-01,9
1468810,鬼谷八荒 Tale of Immortal,Casual/Indie,2026-01-02,16
1468810,鬼谷八荒 Tale of Immortal,Casual/Indie,2026-01-03,19
1468810,鬼谷八荒 Tale of Immortal,Casual/Indie,2026-01-04,19
1468810,鬼谷八荒 Tale of Immortal,Casual/Indie,2026-01-05,7
1468810,鬼谷八荒 Tale of Immortal,Casual/Indie,2026-01-06,7
1468810,鬼谷八荒 Tale of Immortal,Casual/Indie,2026-01-07,8
1468810,鬼谷八荒 Tale of Immortal,Casual/Indie,2026-01-08,12
1468810,鬼谷八荒 Tale of Immortal,Casual/Indie,2026-01-09,5
1468810,鬼谷八荒 Tale of Immortal,Casual/Indie,2026-01-10,9
1468810,鬼谷八荒 Tale of Immortal,Casual/Indie,2026-01-11,17
1468810,鬼谷八荒 Tale of Immortal,Casual/Indie,2026-01-12,14
1468810,鬼谷八荒 Tale of Immortal,Casual/Indie,2026-01-13,10
1468810,鬼谷八荒 Tale of Immortal,Casual/Indie,2026-01-14,9
1468810,鬼谷八荒 Tale of Immortal,Casual/Indie,2026-01-15,7
1468810,鬼谷八荒 Tale of Immortal,Casual/Indie,2026-01-16,7
1468810,鬼谷八荒 Tale of Immortal,Casual/Indie,2026-01-17,12
1468810,鬼谷八荒 Tale of Immortal,Casual/Indie,2026-01-18,9
1468810,鬼谷八荒 Tale of Immortal,Casual/Indie,2026-01-19,10
1468810,鬼谷八荒 Tale of Immortal,Casual/Indie,2026-01-20,12
1468810,鬼谷八荒 Tale of Immortal,Casual/Indie,2026-01-21,7
1468810,鬼谷八荒 Tale of Immortal,Casual/Indie,2026-01-22,5
1468810,鬼谷八荒 Tale of Immortal,Casual/Indie,2026-01-23,11
1468810,鬼谷八荒 Tale of Immortal,Casual/Indie,2026-01-24,9
1468810,鬼谷八荒 Tale of Immortal,Casual/Indie,2026-01-25,12
1468810,鬼谷八荒 Tale of Immortal,Casual/Indie,2026-01-26,17
1468810,鬼谷八荒 Tale of Immortal,Casual/Indie,2026-01-27,21
1468810,鬼谷八荒 Tale of Immortal,Casual/Indie,2026-01-28,27
1468810,鬼谷八荒 Tale of Immortal,Casual/Indie,2026-01-29,25
1468810,鬼谷八荒 Tale of Immortal,Casual/Indie,2026-01-30,21
1468810,鬼谷八荒 Tale of Immortal,Casual/Indie,2026-01-31,21
1468810,鬼谷八荒 Tale of Immortal,Casual/Indie,2026-02-01,32
1468810,鬼谷八荒 Tale of Immortal,Casual/Indie,2026-02-02,29
1468810,鬼谷八荒 Tale of Immortal,Casual/Indie,2026-02-03,17
1468810,鬼谷八荒 Tale of Immortal,Casual/Indie,2026-02-04,23
1468810,鬼谷八荒 Tale of Immortal,Casual/Indie,2026-02-05,19
1468810,鬼谷八荒 Tale of Immortal,Casual/Indie,2026-02-06,22
1468810,鬼谷八荒 Tale of Immortal,Casual/Indie,2026-02-07,24
1468810,鬼谷八荒 Tale of Immortal,Casual/Indie,2026-02-08,24
1468810,鬼谷八荒 Tale of Immortal,Casual/Indie,2026-02-09,17
1468810,鬼谷八荒 Tale of Immortal,Casual/Indie,2026-02-10,22
1468810,鬼谷八荒 Tale of Immortal,Casual/Indie,2026-02-11,20
1468810,鬼谷八荒 Tale of Immortal,Casual/Indie,2026-02-12,11
1468810,鬼谷八荒 Tale of Immortal,Casual/Indie,2026-02-13,21
1468810,鬼谷八荒 Tale of Immortal,Casual/Indie,2026-02-14,18
1468810,鬼谷八荒 Tale of Immortal,Casual/Indie,2026-02-15,16
1468810,鬼谷八荒 Tale of Immortal,Casual/Indie,2026-02-16,11
1468810,鬼谷八荒 Tale of Immortal,Casual/Indie,2026-02-17,7
1468810,鬼谷八荒 Tale of Immortal,Casual/Indie,2026-02-18,21
1468810,鬼谷八荒 Tale of Immortal,Casual/Indie,2026-02-19,10
1468810,鬼谷八荒 Tale of Immortal,Casual/Indie,2026-02-20,13
1468810,鬼谷八荒 Tale of Immortal,Casual/Indie,2026-02-21,15
1468810,鬼谷八荒 Tale of Immortal,Casual/Indie,2026-02-22,17
1468810,鬼谷八荒 Tale of Immortal,Casual/Indie,2026-02-23,15
1468810,鬼谷八荒 Tale of Immortal,Casual/Indie,2026-02-24,13
1468810,鬼谷八荒 Tale of Immortal,Casual/Indie,2026-02-25,16
1468810,鬼谷八荒 Tale of Immortal,Casual/Indie,2026-02-26,19
1468810,鬼谷八荒 Tale of Immortal,Casual/Indie,2026-02-27,14
1468810,鬼谷八荒 Tale of Immortal,Casual/Indie,2026-02-28,11
1468810,鬼谷八荒 Tale of Immortal,Casual/Indie,2026-03-01,9
1468810,鬼谷八荒 Tale of Immortal,Casual/Indie,2026-03-02,15
1468810,鬼谷八荒 Tale of Immortal,Casual/Indie,2026-03-03,8
1468810,鬼谷八荒 Tale of Immortal,Casual/Indie,2026-03-04,9
1468810,鬼谷八荒 Tale of Immortal,Casual/Indie,2026-03-05,7
1468810,鬼谷八荒 Tale of Immortal,Casual/Indie,2026-03-06,8
1468810,鬼谷八荒 Tale of Immortal,Casual/Indie,2026-03-07,11
1468810,鬼谷八荒 Tale of Immortal,Casual/Indie,2026-03-08,11
1468810,鬼谷八荒 Tale of Immortal,Casual/Indie,2026-03-09,7
1468810,鬼谷八荒 Tale of Immortal,Casual/Indie,2026-03-10,11
1468810,鬼谷八荒 Tale of Immortal,Casual/Indie,2026-03-11,7
1468810,鬼谷八荒 Tale of Immortal,Casual/Indie,2026-03-12,6
1468810,鬼谷八荒 Tale of Immortal,Casual/Indie,2026-03-13,11
1468810,鬼谷八荒 Tale of Immortal,Casual/Indie,2026-03-14,14
1468810,鬼谷八荒 Tale of Immortal,Casual/Indie,2026-03-15,12
1468810,鬼谷八荒 Tale of Immortal,Casual/Indie,2026-03-16,14
1468810,鬼谷八荒 Tale of Immortal,Casual/Indie,2026-03-17,14
1468810,鬼谷八荒 Tale of Immortal,Casual/Indie,2026-03-18,11
1468810,鬼谷八荒 Tale of Immortal,Casual/Indie,2026-03-19,8
1468810,鬼谷八荒 Tale of Immortal,Casual/Indie,2026-03-20,12
1468810,鬼谷八荒 Tale of Immortal,Casual/Indie,2026-03-21,12
1468810,鬼谷八荒 Tale of Immortal,Casual/Indie,2026-03-22,11
1468810,鬼谷八荒 Tale of Immortal,Casual/Indie,2026-03-23,10
1468810,鬼谷八荒 Tale of Immortal,Casual/Indie,2026-03-24,16
1468810,鬼谷八荒 Tale of Immortal,Casual/Indie,2026-03-25,12
1468810,鬼谷八荒 Tale of Immortal,Casual/Indie,2026-03-26,13
1468810,鬼谷八荒 Tale of Immortal,Casual/Indie,2026-03-27,13
1468810,鬼谷八荒 Tale of Immortal,Casual/Indie,2026-03-28,8
1468810,鬼谷八荒 Tale of Immortal,Casual/Indie,2026-03-29,6
1468810,鬼谷八荒 Tale of Immortal,Casual/Indie,2026-03-30,16
1468810,鬼谷八荒 Tale of Immortal,Casual/Indie,2026-03-31,6
1468810,鬼谷八荒 Tale of Immortal,Casual/Indie,2026-04-01,10
1468810,鬼谷八荒 Tale of Immortal,Casual/Indie,2026-04-02,7
1468810,鬼谷八荒 Tale of Immortal,Casual/Indie,2026-04-03,3
1468810,鬼谷八荒 Tale of Immortal,Casual/Indie,2026-04-04,6
1468810,鬼谷八荒 Tale of Immortal,Casual/Indie,2026-04-05,17
1468810,鬼谷八荒 Tale of Immortal,Casual/Indie,2026-04-06,12
1468810,鬼谷八荒 Tale of Immortal,Casual/Indie,2026-04-07,12
1468810,鬼谷八荒 Tale of Immortal,Casual/Indie,2026-04-08,11
1468810,鬼谷八荒 Tale of Immortal,Casual/Indie,2026-04-09,8
1468810,鬼谷八荒 Tale of Immortal,Casual/Indie,2026-04-10,10
1468810,鬼谷八荒 Tale of Immortal,Casual/Indie,2026-04-11,6
1517290,Battlefield 2042,Adventure,2025-10-28,16
1517290,Battlefield 2042,Adventure,2025-10-29,37
1517290,Battlefield 2042,Adventure,2025-10-30,41
1517290,Battlefield 2042,Adventure,2025-10-31,49
1517290,Battlefield 2042,Adventure,2025-11-01,47
1517290,Battlefield 2042,Adventure,2025-11-02,47
1517290,Battlefield 2042,Adventure,2025-11-03,43
1517290,Battlefield 2042,Adventure,2025-11-04,34
1517290,Battlefield 2042,Adventure,2025-11-05,35
1517290,Battlefield 2042,Adventure,2025-11-06,36
1517290,Battlefield 2042,Adventure,2025-11-07,38
1517290,Battlefield 2042,Adventure,2025-11-08,35
1517290,Battlefield 2042,Adventure,2025-11-09,33
1517290,Battlefield 2042,Adventure,2025-11-10,47
1517290,Battlefield 2042,Adventure,2025-11-11,28
1517290,Battlefield 2042,Adventure,2025-11-12,24
1517290,Battlefield 2042,Adventure,2025-11-13,23
1517290,Battlefield 2042,Adventure,2025-11-14,23
1517290,Battlefield 2042,Adventure,2025-11-15,38
1517290,Battlefield 2042,Adventure,2025-11-16,30
1517290,Battlefield 2042,Adventure,2025-11-17,21
1517290,Battlefield 2042,Adventure,2025-11-18,21
1517290,Battlefield 2042,Adventure,2025-11-19,31
1517290,Battlefield 2042,Adventure,2025-11-20,24
1517290,Battlefield 2042,Adventure,2025-11-21,28
1517290,Battlefield 2042,Adventure,2025-11-22,37
1517290,Battlefield 2042,Adventure,2025-11-23,22
1517290,Battlefield 2042,Adventure,2025-11-24,63
1517290,Battlefield 2042,Adventure,2025-11-25,231
1517290,Battlefield 2042,Adventure,2025-11-26,166
1517290,Battlefield 2042,Adventure,2025-11-27,94
1517290,Battlefield 2042,Adventure,2025-11-28,88
1517290,Battlefield 2042,Adventure,2025-11-29,103
1517290,Battlefield 2042,Adventure,2025-11-30,91
1517290,Battlefield 2042,Adventure,2025-12-01,43
1517290,Battlefield 2042,Adventure,2025-12-02,16
1517290,Battlefield 2042,Adventure,2025-12-03,23
1517290,Battlefield 2042,Adventure,2025-12-04,12
1517290,Battlefield 2042,Adventure,2025-12-05,18
1517290,Battlefield 2042,Adventure,2025-12-06,24
1517290,Battlefield 2042,Adventure,2025-12-07,28
1517290,Battlefield 2042,Adventure,2025-12-08,24
1517290,Battlefield 2042,Adventure,2025-12-09,15
1517290,Battlefield 2042,Adventure,2025-12-10,10
1517290,Battlefield 2042,Adventure,2025-12-11,19
1517290,Battlefield 2042,Adventure,2025-12-12,21
1517290,Battlefield 2042,Adventure,2025-12-13,20
1517290,Battlefield 2042,Adventure,2025-12-14,25
1517290,Battlefield 2042,Adventure,2025-12-15,19
1517290,Battlefield 2042,Adventure,2025-12-16,9
1517290,Battlefield 2042,Adventure,2025-12-17,6
1517290,Battlefield 2042,Adventure,2025-12-18,21
1517290,Battlefield 2042,Adventure,2025-12-19,13
1517290,Battlefield 2042,Adventure,2025-12-20,24
1517290,Battlefield 2042,Adventure,2025-12-21,24
1517290,Battlefield 2042,Adventure,2025-12-22,10
1517290,Battlefield 2042,Adventure,2025-12-23,19
1517290,Battlefield 2042,Adventure,2025-12-24,15
1517290,Battlefield 2042,Adventure,2025-12-25,10
1517290,Battlefield 2042,Adventure,2025-12-26,14
1517290,Battlefield 2042,Adventure,2025-12-27,24
1517290,Battlefield 2042,Adventure,2025-12-28,16
1517290,Battlefield 2042,Adventure,2025-12-29,17
1517290,Battlefield 2042,Adventure,2025-12-30,19
1517290,Battlefield 2042,Adventure,2025-12-31,28
1517290,Battlefield 2042,Adventure,2026-01-01,26
1517290,Battlefield 2042,Adventure,2026-01-02,21
1517290,Battlefield 2042,Adventure,2026-01-03,16
1517290,Battlefield 2042,Adventure,2026-01-04,24
1517290,Battlefield 2042,Adventure,2026-01-05,16
1517290,Battlefield 2042,Adventure,2026-01-06,18
1517290,Battlefield 2042,Adventure,2026-01-07,12
1517290,Battlefield 2042,Adventure,2026-01-08,19
1517290,Battlefield 2042,Adventure,2026-01-09,15
1517290,Battlefield 2042,Adventure,2026-01-10,25
1517290,Battlefield 2042,Adventure,2026-01-11,14
1517290,Battlefield 2042,Adventure,2026-01-12,18
1517290,Battlefield 2042,Adventure,2026-01-13,21
1517290,Battlefield 2042,Adventure,2026-01-14,14
1517290,Battlefield 2042,Adventure,2026-01-15,19
1517290,Battlefield 2042,Adventure,2026-01-16,14
1517290,Battlefield 2042,Adventure,2026-01-17,17
1517290,Battlefield 2042,Adventure,2026-01-18,22
1517290,Battlefield 2042,Adventure,2026-01-19,19
1517290,Battlefield 2042,Adventure,2026-01-20,10
1517290,Battlefield 2042,Adventure,2026-01-21,15
1517290,Battlefield 2042,Adventure,2026-01-22,14
1517290,Battlefield 2042,Adventure,2026-01-23,17
1517290,Battlefield 2042,Adventure,2026-01-24,13
1517290,Battlefield 2042,Adventure,2026-01-25,15
1517290,Battlefield 2042,Adventure,2026-01-26,12
1517290,Battlefield 2042,Adventure,2026-01-27,11
1517290,Battlefield 2042,Adventure,2026-01-28,11
1517290,Battlefield 2042,Adventure,2026-01-29,15
1517290,Battlefield 2042,Adventure,2026-01-30,16
1517290,Battlefield 2042,Adventure,2026-01-31,20
1517290,Battlefield 2042,Adventure,2026-02-01,17
1517290,Battlefield 2042,Adventure,2026-02-02,11
1517290,Battlefield 2042,Adventure,2026-02-03,18
1517290,Battlefield 2042,Adventure,2026-02-04,11
1517290,Battlefield 2042,Adventure,2026-02-05,16
1517290,Battlefield 2042,Adventure,2026-02-06,18
1517290,Battlefield 2042,Adventure,2026-02-07,18
1517290,Battlefield 2042,Adventure,2026-02-08,18
1517290,Battlefield 2042,Adventure,2026-02-09,10
1517290,Battlefield 2042,Adventure,2026-02-10,10
1517290,Battlefield 2042,Adventure,2026-02-11,13
1517290,Battlefield 2042,Adventure,2026-02-12,18
1517290,Battlefield 2042,Adventure,2026-02-13,22
1517290,Battlefield 2042,Adventure,2026-02-14,16
1517290,Battlefield 2042,Adventure,2026-02-15,15
1517290,Battlefield 2042,Adventure,2026-02-16,12
1517290,Battlefield 2042,Adventure,2026-02-17,20
1517290,Battlefield 2042,Adventure,2026-02-18,16
1517290,Battlefield 2042,Adventure,2026-02-19,14
1517290,Battlefield 2042,Adventure,2026-02-20,16
1517290,Battlefield 2042,Adventure,2026-02-21,20
1517290,Battlefield 2042,Adventure,2026-02-22,25
1517290,Battlefield 2042,Adventure,2026-02-23,22
1517290,Battlefield 2042,Adventure,2026-02-24,21
1517290,Battlefield 2042,Adventure,2026-02-25,16
1517290,Battlefield 2042,Adventure,2026-02-26,20
1517290,Battlefield 2042,Adventure,2026-02-27,15
1517290,Battlefield 2042,Adventure,2026-02-28,12
1517290,Battlefield 2042,Adventure,2026-03-01,20
1517290,Battlefield 2042,Adventure,2026-03-02,10
1517290,Battlefield 2042,Adventure,2026-03-03,9
1517290,Battlefield 2042,Adventure,2026-03-04,3
1517290,Battlefield 2042,Adventure,2026-03-05,11
1517290,Battlefield 2042,Adventure,2026-03-06,16
1517290,Battlefield 2042,Adventure,2026-03-07,14
1517290,Battlefield 2042,Adventure,2026-03-08,17
1517290,Battlefield 2042,Adventure,2026-03-09,12
1517290,Battlefield 2042,Adventure,2026-03-10,24
1517290,Battlefield 2042,Adventure,2026-03-11,10
1517290,Battlefield 2042,Adventure,2026-03-12,12
1517290,Battlefield 2042,Adventure,2026-03-13,55
1517290,Battlefield 2042,Adventure,2026-03-14,92
1517290,Battlefield 2042,Adventure,2026-03-15,86
1517290,Battlefield 2042,Adventure,2026-03-16,90
1517290,Battlefield 2042,Adventure,2026-03-17,77
1517290,Battlefield 2042,Adventure,2026-03-18,69
1517290,Battlefield 2042,Adventure,2026-03-19,104
1517290,Battlefield 2042,Adventure,2026-03-20,79
1517290,Battlefield 2042,Adventure,2026-03-21,96
1517290,Battlefield 2042,Adventure,2026-03-22,92
1517290,Battlefield 2042,Adventure,2026-03-23,55
1517290,Battlefield 2042,Adventure,2026-03-24,57
1517290,Battlefield 2042,Adventure,2026-03-25,54
1517290,Battlefield 2042,Adventure,2026-03-26,44
1517290,Battlefield 2042,Adventure,2026-03-27,37
1517290,Battlefield 2042,Adventure,2026-03-28,43
1517290,Battlefield 2042,Adventure,2026-03-29,62
1517290,Battlefield 2042,Adventure,2026-03-30,35
1517290,Battlefield 2042,Adventure,2026-03-31,33
1517290,Battlefield 2042,Adventure,2026-04-01,20
1517290,Battlefield 2042,Adventure,2026-04-02,26
1517290,Battlefield 2042,Adventure,2026-04-03,27
1517290,Battlefield 2042,Adventure,2026-04-04,36
1517290,Battlefield 2042,Adventure,2026-04-05,35
1517290,Battlefield 2042,Adventure,2026-04-06,31
1517290,Battlefield 2042,Adventure,2026-04-07,27
1517290,Battlefield 2042,Adventure,2026-04-08,19
1517290,Battlefield 2042,Adventure,2026-04-09,17
1517290,Battlefield 2042,Adventure,2026-04-10,31
1517290,Battlefield 2042,Adventure,2026-04-11,23
1623730,Palworld,RPG,2026-02-21,12
1623730,Palworld,RPG,2026-02-22,158
1623730,Palworld,RPG,2026-02-23,150
1623730,Palworld,RPG,2026-02-24,120
1623730,Palworld,RPG,2026-02-25,97
1623730,Palworld,RPG,2026-02-26,114
1623730,Palworld,RPG,2026-02-27,91
1623730,Palworld,RPG,2026-02-28,102
1623730,Palworld,RPG,2026-03-01,102
1623730,Palworld,RPG,2026-03-02,99
1623730,Palworld,RPG,2026-03-03,89
1623730,Palworld,RPG,2026-03-04,81
1623730,Palworld,RPG,2026-03-05,75
1623730,Palworld,RPG,2026-03-06,78
1623730,Palworld,RPG,2026-03-07,112
1623730,Palworld,RPG,2026-03-08,101
1623730,Palworld,RPG,2026-03-09,79
1623730,Palworld,RPG,2026-03-10,93
1623730,Palworld,RPG,2026-03-11,71
1623730,Palworld,RPG,2026-03-12,80
1623730,Palworld,RPG,2026-03-13,85
1623730,Palworld,RPG,2026-03-14,96
1623730,Palworld,RPG,2026-03-15,97
1623730,Palworld,RPG,2026-03-16,99
1623730,Palworld,RPG,2026-03-17,75
1623730,Palworld,RPG,2026-03-18,82
1623730,Palworld,RPG,2026-03-19,89
1623730,Palworld,RPG,2026-03-20,97
1623730,Palworld,RPG,2026-03-21,119
1623730,Palworld,RPG,2026-03-22,131
1623730,Palworld,RPG,2026-03-23,108
1623730,Palworld,RPG,2026-03-24,98
1623730,Palworld,RPG,2026-03-25,84
1623730,Palworld,RPG,2026-03-26,95
1623730,Palworld,RPG,2026-03-27,104
1623730,Palworld,RPG,2026-03-28,119
1623730,Palworld,RPG,2026-03-29,129
1623730,Palworld,RPG,2026-03-30,86
1623730,Palworld,RPG,2026-03-31,102
1623730,Palworld,RPG,2026-04-01,94
1623730,Palworld,RPG,2026-04-02,93
1623730,Palworld,RPG,2026-04-03,99
1623730,Palworld,RPG,2026-04-04,108
1623730,Palworld,RPG,2026-04-05,127
1623730,Palworld,RPG,2026-04-06,225
1623730,Palworld,RPG,2026-04-07,133
1623730,Palworld,RPG,2026-04-08,76
1623730,Palworld,RPG,2026-04-09,88
1623730,Palworld,RPG,2026-04-10,77
1623730,Palworld,RPG,2026-04-11,79
1966720,Lethal Company,Adventure,2026-02-13,39
1966720,Lethal Company,Adventure,2026-02-14,85
1966720,Lethal Company,Adventure,2026-02-15,89
1966720,Lethal Company,Adventure,2026-02-16,87
1966720,Lethal Company,Adventure,2026-02-17,84
1966720,Lethal Company,Adventure,2026-02-18,68
1966720,Lethal Company,Adventure,2026-02-19,72
1966720,Lethal Company,Adventure,2026-02-20,74
1966720,Lethal Company,Adventure,2026-02-21,107
1966720,Lethal Company,Adventure,2026-02-22,100
1966720,Lethal Company,Adventure,2026-02-23,71
1966720,Lethal Company,Adventure,2026-02-24,62
1966720,Lethal Company,Adventure,2026-02-25,67
1966720,Lethal Company,Adventure,2026-02-26,57
1966720,Lethal Company,Adventure,2026-02-27,60
1966720,Lethal Company,Adventure,2026-02-28,103
1966720,Lethal Company,Adventure,2026-03-01,80
1966720,Lethal Company,Adventure,2026-03-02,61
1966720,Lethal Company,Adventure,2026-03-03,59
1966720,Lethal Company,Adventure,2026-03-04,39
1966720,Lethal Company,Adventure,2026-03-05,43
1966720,Lethal Company,Adventure,2026-03-06,59
1966720,Lethal Company,Adventure,2026-03-07,88
1966720,Lethal Company,Adventure,2026-03-08,89
1966720,Lethal Company,Adventure,2026-03-09,71
1966720,Lethal Company,Adventure,2026-03-10,55
1966720,Lethal Company,Adventure,2026-03-11,57
1966720,Lethal Company,Adventure,2026-03-12,41
1966720,Lethal Company,Adventure,2026-03-13,61
1966720,Lethal Company,Adventure,2026-03-14,86
1966720,Lethal Company,Adventure,2026-03-15,70
1966720,Lethal Company,Adventure,2026-03-16,68
1966720,Lethal Company,Adventure,2026-03-17,52
1966720,Lethal Company,Adventure,2026-03-18,46
1966720,Lethal Company,Adventure,2026-03-19,60
1966720,Lethal Company,Adventure,2026-03-20,61
1966720,Lethal Company,Adventure,2026-03-21,80
1966720,Lethal Company,Adventure,2026-03-22,86
1966720,Lethal Company,Adventure,2026-03-23,59
1966720,Lethal Company,Adventure,2026-03-24,65
1966720,Lethal Company,Adventure,2026-03-25,58
1966720,Lethal Company,Adventure,2026-03-26,51
1966720,Lethal Company,Adventure,2026-03-27,58
1966720,Lethal Company,Adventure,2026-03-28,80
1966720,Lethal Company,Adventure,2026-03-29,81
1966720,Lethal Company,Adventure,2026-03-30,148
1966720,Lethal Company,Adventure,2026-03-31,160
1966720,Lethal Company,Adventure,2026-04-01,136
1966720,Lethal Company,Adventure,2026-04-02,125
1966720,Lethal Company,Adventure,2026-04-03,150
1966720,Lethal Company,Adventure,2026-04-04,152
1966720,Lethal Company,Adventure,2026-04-05,247
1966720,Lethal Company,Adventure,2026-04-06,211
1966720,Lethal Company,Adventure,2026-04-07,143
1966720,Lethal Company,Adventure,2026-04-08,112
1966720,Lethal Company,Adventure,2026-04-09,96
1966720,Lethal Company,Adventure,2026-04-10,120
1966720,Lethal Company,Adventure,2026-04-11,111
2358720,Black Myth: Wukong,Action,2026-02-28,103
2358720,Black Myth: Wukong,Action,2026-03-01,206
2358720,Black Myth: Wukong,Action,2026-03-02,155
2358720,Black Myth: Wukong,Action,2026-03-03,149
2358720,Black Myth: Wukong,Action,2026-03-04,130
2358720,Black Myth: Wukong,Action,2026-03-05,117
2358720,Black Myth: Wukong,Action,2026-03-06,146
2358720,Black Myth: Wukong,Action,2026-03-07,189
2358720,Black Myth: Wukong,Action,2026-03-08,163
2358720,Black Myth: Wukong,Action,2026-03-09,116
2358720,Black Myth: Wukong,Action,2026-03-10,120
2358720,Black Myth: Wukong,Action,2026-03-11,113
2358720,Black Myth: Wukong,Action,2026-03-12,107
2358720,Black Myth: Wukong,Action,2026-03-13,135
2358720,Black Myth: Wukong,Action,2026-03-14,147
2358720,Black Myth: Wukong,Action,2026-03-15,171
2358720,Black Myth: Wukong,Action,2026-03-16,108
2358720,Black Myth: Wukong,Action,2026-03-17,109
2358720,Black Myth: Wukong,Action,2026-03-18,87
2358720,Black Myth: Wukong,Action,2026-03-19,100
2358720,Black Myth: Wukong,Action,2026-03-20,123
2358720,Black Myth: Wukong,Action,2026-03-21,142
2358720,Black Myth: Wukong,Action,2026-03-22,169
2358720,Black Myth: Wukong,Action,2026-03-23,106
2358720,Black Myth: Wukong,Action,2026-03-24,103
2358720,Black Myth: Wukong,Action,2026-03-25,102
2358720,Black Myth: Wukong,Action,2026-03-26,94
2358720,Black Myth: Wukong,Action,2026-03-27,95
2358720,Black Myth: Wukong,Action,2026-03-28,112
2358720,Black Myth: Wukong,Action,2026-03-29,122
2358720,Black Myth: Wukong,Action,2026-03-30,84
2358720,Black Myth: Wukong,Action,2026-03-31,95
2358720,Black Myth: Wukong,Action,2026-04-01,91
2358720,Black Myth: Wukong,Action,2026-04-02,75
2358720,Black Myth: Wukong,Action,2026-04-03,91
2358720,Black Myth: Wukong,Action,2026-04-04,104
2358720,Black Myth: Wukong,Action,2026-04-05,122
2358720,Black Myth: Wukong,Action,2026-04-06,97
2358720,Black Myth: Wukong,Action,2026-04-07,83
2358720,Black Myth: Wukong,Action,2026-04-08,78
2358720,Black Myth: Wukong,Action,2026-04-09,76
2358720,Black Myth: Wukong,Action,2026-04-10,80
2358720,Black Myth: Wukong,Action,2026-04-11,84
